{
"type": "FeatureCollection",
"name": "adm1",
"crs": { "type": "name", "properties": { "name": "urn:ogc:def:crs:OGC:1.3:CRS84" } },
"features": [
{ "type": "Feature", "properties": { "ADM1_EN": "Region I (Ilocos Region)", "ADM1_PCODE": "PH01", "ADM0_EN": "Philippines (the)", "ADM0_PCODE": "PH", "DATE": "2022-11-09", "VALIDON": "2023-11-06", "VALIDTO": 0, "SHAPE_LENG": 14.995049784100001, "SHAPE_AREA": 1.0439831536199999, "ADM1ALT1EN": "Ilocos Region", "AREA_SQKM": 12307.3508282, "BIRTH_B": 67988, "BIRTH_M": 35401, "BIRTH_G": 32587, "DEATH_B": 41030, "DEATH_M": 22682, "DEATH_G": 18348, "MARRIAGES": 23501, "POPULATION": 5301139 }, "geometry": { "type": "MultiPolygon", "coordinates": [ [ [ [ 120.971439952000082, 18.579972885000075 ], [ 120.958673098000077, 18.463202412000044 ], [ 120.948363266000115, 18.381693430000041 ], [ 120.916666361000011, 18.284560256000077 ], [ 120.926764055000035, 18.241938255000036 ], [ 120.97006946800002, 18.181863920000069 ], [ 120.928141304000064, 18.088193385000068 ], [ 120.9277503080001, 18.020743286000027 ], [ 120.946945971000105, 17.997094376000064 ], [ 120.920395602000099, 17.956264822000037 ], [ 120.850204681000037, 17.962860961000047 ], [ 120.783752282000023, 17.911236471000052 ], [ 120.728249147000042, 17.892507978000026 ], [ 120.690868688000023, 17.834579642000051 ], [ 120.602225506000082, 17.809284779000052 ], [ 120.573958351000101, 17.789241161000064 ], [ 120.542743836000113, 17.735323652000034 ], [ 120.516385056000104, 17.649240339000073 ], [ 120.497818324000036, 17.625130266000042 ], [ 120.489645972000062, 17.553233664000061 ], [ 120.468167177000055, 17.514727060000041 ], [ 120.474415934000035, 17.484247811000046 ], [ 120.565490741000076, 17.50175551600006 ], [ 120.577860015000056, 17.43001281100004 ], [ 120.537813638000102, 17.356986044000053 ], [ 120.5667598550001, 17.307159984000066 ], [ 120.611949292000077, 17.302219217000072 ], [ 120.678400995000061, 17.256838869000035 ], [ 120.681446762000064, 17.186621509000076 ], [ 120.751333295000109, 17.155256325000039 ], [ 120.812355205000017, 17.155871674000025 ], [ 120.77482395200002, 17.108020993000025 ], [ 120.767612847, 17.066790583000056 ], [ 120.780091127000105, 17.01648827300005 ], [ 120.785273853000035, 16.921335007000039 ], [ 120.669563, 16.911981 ], [ 120.586016132000054, 16.836661373000027 ], [ 120.589617441000087, 16.747182695000049 ], [ 120.574522211000044, 16.671264867000048 ], [ 120.517856678000044, 16.594691728000043 ], [ 120.512631362000093, 16.550257849000047 ], [ 120.467346390000102, 16.502706239000076 ], [ 120.469037159000095, 16.379756875000055 ], [ 120.494724172000019, 16.347753779000072 ], [ 120.520202945000051, 16.233441361000075 ], [ 120.628418151, 16.18062420900003 ], [ 120.768965908000041, 16.198033657000053 ], [ 120.841508886000042, 16.168612326000073 ], [ 120.870446518000108, 16.118870179000055 ], [ 120.920529407000117, 15.966318216000047 ], [ 120.90151585000001, 15.912567670000044 ], [ 120.819057519000012, 15.793215701000065 ], [ 120.79019697800004, 15.827182218000075 ], [ 120.73089299500009, 15.851010298000062 ], [ 120.690939916000048, 15.831160646000058 ], [ 120.615063664000104, 15.815561238000043 ], [ 120.580368189000069, 15.829906405000031 ], [ 120.551037858000086, 15.763746918000038 ], [ 120.467594252000026, 15.722242866000045 ], [ 120.427682567000033, 15.753784435000057 ], [ 120.362276333000068, 15.735466716000076 ], [ 120.311162365000087, 15.644613677000052 ], [ 120.265393322000023, 15.639273167000056 ], [ 120.252856783000084, 15.617769571000053 ], [ 120.158453087000112, 15.771714149000047 ], [ 120.14429317400004, 15.826197594000064 ], [ 120.060628313000052, 15.843698523000057 ], [ 120.019617534000076, 15.872207125000045 ], [ 119.99890120200007, 15.819663963000039 ], [ 119.973497957000063, 15.804924678000077 ], [ 119.891411481000091, 15.810836636000033 ], [ 119.904872344000069, 15.865743826000028 ], [ 119.854668784000069, 15.962626218000025 ], [ 119.812113712000041, 15.955791413000043 ], [ 119.804548220000015, 15.922644882000043 ], [ 119.765014647000044, 15.926094047000049 ], [ 119.749720901000046, 15.965595011000062 ], [ 119.773560948000068, 16.021394630000032 ], [ 119.756764500000031, 16.054749174000051 ], [ 119.777995125000075, 16.124330344000043 ], [ 119.764407927000093, 16.210253697000041 ], [ 119.783548741000118, 16.238800767000043 ], [ 119.77371314200002, 16.280572957000061 ], [ 119.788776534000021, 16.332683557000053 ], [ 119.816682343000025, 16.360016235000046 ], [ 119.901411551000024, 16.392167997000058 ], [ 119.930207224000014, 16.361710845000061 ], [ 119.914075604000118, 16.26221283700005 ], [ 120.029066657000044, 16.190011248000076 ], [ 120.096098834000031, 16.156413629000042 ], [ 120.096169721000024, 16.069181764000064 ], [ 120.144001252000066, 16.038412460000075 ], [ 120.217527719000032, 16.03684232300003 ], [ 120.283930046000023, 16.050265633000038 ], [ 120.359485326000026, 16.093014466000056 ], [ 120.42313200600006, 16.162379255000076 ], [ 120.401330643000051, 16.249058478000052 ], [ 120.34790061800004, 16.281904584000074 ], [ 120.343610021000018, 16.345948905000057 ], [ 120.321216954000079, 16.382479300000057 ], [ 120.334714544, 16.431347991000052 ], [ 120.327441595000096, 16.478839367000035 ], [ 120.304263226000103, 16.505451922000077 ], [ 120.320805710000059, 16.568388156000026 ], [ 120.297328133000065, 16.604885739000053 ], [ 120.332500594000066, 16.671132731000057 ], [ 120.341192190000015, 16.735108901000046 ], [ 120.325195501000053, 16.799130766000076 ], [ 120.335288290000108, 16.836738984000021 ], [ 120.39798862300006, 16.879663127000072 ], [ 120.400592268000082, 16.902008094000053 ], [ 120.444812522, 16.974010931000066 ], [ 120.448184633000096, 17.043523636000032 ], [ 120.414278799000044, 17.204509846000064 ], [ 120.428398320000042, 17.316310178000037 ], [ 120.454568563000066, 17.361261598000056 ], [ 120.46127535700009, 17.407821604000048 ], [ 120.413573416000077, 17.516623544000026 ], [ 120.351843392000092, 17.548208770000031 ], [ 120.352819052000086, 17.635678444000064 ], [ 120.383208189000015, 17.692943489000072 ], [ 120.435232305000113, 17.731811538000045 ], [ 120.426069273000053, 17.774510965000047 ], [ 120.453110751000054, 17.819130408000035 ], [ 120.440053299000056, 17.867140905000042 ], [ 120.480267780000077, 18.016806657000075 ], [ 120.470911026000067, 18.085979682000072 ], [ 120.512236279000035, 18.135350546000041 ], [ 120.523511405000022, 18.204803687000037 ], [ 120.548652671000013, 18.233600720000027 ], [ 120.597296454000116, 18.333825110000078 ], [ 120.593907019000085, 18.414015010000071 ], [ 120.563652801000103, 18.491425177000053 ], [ 120.624562509000043, 18.545707679000031 ], [ 120.72517807700001, 18.528949814000043 ], [ 120.787100346000102, 18.568201960000067 ], [ 120.784986907000075, 18.624524222000048 ], [ 120.852886536000028, 18.647526628000037 ], [ 120.897320071000081, 18.57244378200005 ], [ 120.955462498000088, 18.559624402000054 ], [ 120.971439952000082, 18.579972885000075 ] ] ], [ [ [ 119.989685198000075, 16.350102118000052 ], [ 120.019827408000083, 16.311025045000065 ], [ 119.99926111000002, 16.281138708000071 ], [ 120.019386225000062, 16.250830228000041 ], [ 119.998558427000034, 16.223865776000025 ], [ 119.933435780000082, 16.295498688000066 ], [ 119.951412779000066, 16.332750439000051 ], [ 119.989685198000075, 16.350102118000052 ] ] ] ] } },
{ "type": "Feature", "properties": { "ADM1_EN": "Region II (Cagayan Valley)", "ADM1_PCODE": "PH02", "ADM0_EN": "Philippines (the)", "ADM0_PCODE": "PH", "DATE": "2022-11-09", "VALIDON": "2023-11-06", "VALIDTO": 0, "SHAPE_LENG": 19.139048475599999, "SHAPE_AREA": 2.24181168489, "ADM1ALT1EN": "Cagayan Valley", "AREA_SQKM": 26387.7295553, "BIRTH_B": 48749, "BIRTH_M": 25228, "BIRTH_G": 23521, "DEATH_B": 24677, "DEATH_M": 14399, "DEATH_G": 10278, "MARRIAGES": 17318, "POPULATION": 3685744 }, "geometry": { "type": "MultiPolygon", "coordinates": [ [ [ [ 121.802852874000109, 20.688200545000029 ], [ 121.782768324000017, 20.721662759000026 ], [ 121.815207605000069, 20.760271922000072 ], [ 121.836868549000087, 20.825403919000053 ], [ 121.880197674000101, 20.819962349000036 ], [ 121.853713119000076, 20.72366788000005 ], [ 121.802852874000109, 20.688200545000029 ] ] ], [ [ [ 121.915247152, 20.355675892000022 ], [ 121.97558691100005, 20.471562048000067 ], [ 122.002953628000114, 20.489468278000061 ], [ 122.035675709000088, 20.467950419000033 ], [ 121.962423491000095, 20.412613908000026 ], [ 121.980712561000018, 20.383291849000045 ], [ 121.950304934000087, 20.348728030000075 ], [ 121.915247152, 20.355675892000022 ] ] ], [ [ [ 121.858548265000081, 20.260281990000067 ], [ 121.840680809000105, 20.287724014000048 ], [ 121.844851389000041, 20.355371437000031 ], [ 121.888912079000079, 20.313259444000039 ], [ 121.858548265000081, 20.260281990000067 ] ] ], [ [ [ 121.95962747100009, 19.47584474100006 ], [ 121.899686068000051, 19.517885254000078 ], [ 121.896027702000083, 19.549136694000026 ], [ 121.990949346000093, 19.556471327000054 ], [ 121.990491116000044, 19.503744596000047 ], [ 121.95962747100009, 19.47584474100006 ] ] ], [ [ [ 121.511613156000067, 19.244224647000067 ], [ 121.409345329000075, 19.283002211000053 ], [ 121.390816376000089, 19.328577586000051 ], [ 121.360747235000076, 19.351019670000028 ], [ 121.406890280000084, 19.393340091000027 ], [ 121.481581886000072, 19.371944167000038 ], [ 121.515098945000091, 19.388483621000034 ], [ 121.522910367, 19.318213812000067 ], [ 121.539672629000052, 19.268404838000038 ], [ 121.511613156000067, 19.244224647000067 ] ] ], [ [ [ 121.23883162300001, 19.012770193000051 ], [ 121.199140524000086, 19.059833291000075 ], [ 121.210546038000075, 19.142487460000041 ], [ 121.247656413000072, 19.103454675000023 ], [ 121.253843973000016, 19.028598033000037 ], [ 121.23883162300001, 19.012770193000051 ] ] ], [ [ [ 121.855949794000026, 18.812052408000056 ], [ 121.826246725000033, 18.860767505000069 ], [ 121.871383012000024, 18.893874993000054 ], [ 121.85108862800007, 18.927983965000067 ], [ 121.871527360000073, 18.980858483000077 ], [ 121.897026955000115, 19.001252936000071 ], [ 121.944894248000082, 19.001805913000055 ], [ 121.992940188000034, 18.958930634000069 ], [ 121.955639915, 18.907532332000073 ], [ 121.891038886000047, 18.868505596000034 ], [ 121.855949794000026, 18.812052408000056 ] ] ], [ [ [ 121.316338012000074, 18.839724181000065 ], [ 121.275162145000081, 18.857851328000038 ], [ 121.344736506000118, 18.891341555000054 ], [ 121.415118447000054, 18.905782884000075 ], [ 121.47928180800011, 18.872838815000023 ], [ 121.452961280000068, 18.855661315000077 ], [ 121.316338012000074, 18.839724181000065 ] ] ], [ [ [ 122.23417917900008, 16.487238956000056 ], [ 122.214272880000067, 16.479844291000063 ], [ 122.058808191000026, 16.50925477800007 ], [ 121.967234915000063, 16.400232484000071 ], [ 121.893534255000077, 16.301854026000058 ], [ 121.845895909000092, 16.249155589000054 ], [ 121.628978730000085, 16.063865467000028 ], [ 121.528826429000105, 15.969868599000051 ], [ 121.474548874000106, 15.929847778000067 ], [ 121.47114962, 15.886741050000069 ], [ 121.317710174000013, 15.804652432000069 ], [ 121.280338997000058, 15.767132018000041 ], [ 121.193998185000055, 15.922087606000048 ], [ 121.185045047000017, 16.071747959000049 ], [ 121.174249184000018, 16.090108902000054 ], [ 121.087871308000103, 16.113999382000031 ], [ 121.047739340000021, 16.137989391000076 ], [ 120.987893524000015, 16.125824962000024 ], [ 120.940032280000082, 16.133600949000027 ], [ 120.870446518000108, 16.118870179000055 ], [ 120.841508886000042, 16.168612326000073 ], [ 120.768965908000041, 16.198033657000053 ], [ 120.80005260900009, 16.304845744000033 ], [ 120.845522981000045, 16.319500078000033 ], [ 120.889427, 16.436073 ], [ 120.883206335000068, 16.50539150700007 ], [ 120.90440899500004, 16.595359904000077 ], [ 120.983716533, 16.569470823000074 ], [ 121.035703052000031, 16.610006107000061 ], [ 121.135497763000103, 16.644747052000071 ], [ 121.196900267000046, 16.639026568000077 ], [ 121.259289483000089, 16.651784470000052 ], [ 121.315412599000069, 16.701307632000066 ], [ 121.331746610000096, 16.764860861000045 ], [ 121.419519451000042, 16.817469334000066 ], [ 121.521322340000097, 16.838934767000069 ], [ 121.568222435000052, 16.909511535000036 ], [ 121.560716872000057, 17.009457810000072 ], [ 121.571490821000111, 17.040943460000051 ], [ 121.561398005000115, 17.183361080000054 ], [ 121.549134680000066, 17.196523808000052 ], [ 121.538700115000097, 17.317268562000038 ], [ 121.582194548000075, 17.353559068000038 ], [ 121.606080692000091, 17.421432186000061 ], [ 121.627934809000067, 17.431389672000023 ], [ 121.647230678000028, 17.500483730000042 ], [ 121.625972931000092, 17.528587955000035 ], [ 121.546723013000019, 17.580621351000048 ], [ 121.496614159000046, 17.59104271800004 ], [ 121.485123663000081, 17.647321689000023 ], [ 121.436756047000017, 17.671347725000032 ], [ 121.428253291000033, 17.729608221000035 ], [ 121.388297315000045, 17.793630291000056 ], [ 121.321554352000021, 17.804230816000029 ], [ 121.32413865500007, 17.847130672000048 ], [ 121.357452119000072, 17.922368543000061 ], [ 121.315118209000048, 17.970783156000039 ], [ 121.36446941600002, 18.061619119000056 ], [ 121.427838, 18.035335404000023 ], [ 121.460359096000047, 18.04941033700004 ], [ 121.468931816, 18.12564935000006 ], [ 121.481891984000072, 18.144383671000071 ], [ 121.489483607000011, 18.238844983000035 ], [ 121.464626964000104, 18.284910661000026 ], [ 121.402382743000089, 18.340896047000058 ], [ 121.3186229800001, 18.38715477900007 ], [ 121.285557010000048, 18.388537952000036 ], [ 121.226541396000016, 18.436471329000028 ], [ 121.22208115400008, 18.500580942000056 ], [ 121.167863700000112, 18.521977657000036 ], [ 121.156003384000087, 18.54377499800006 ], [ 121.061365389000116, 18.539197991000037 ], [ 121.002873797, 18.466105643000049 ], [ 120.958673098000077, 18.463202412000044 ], [ 120.971439952000082, 18.579972885000075 ], [ 121.037446081000098, 18.615428198000075 ], [ 121.145031456000083, 18.626468465000073 ], [ 121.196774688000119, 18.608827924000025 ], [ 121.313674227000092, 18.521188671000061 ], [ 121.45158316900006, 18.460188465000044 ], [ 121.509051324000097, 18.419653793000066 ], [ 121.592754985000056, 18.375516292000043 ], [ 121.816832469000019, 18.296161257000051 ], [ 121.933855826000013, 18.266702418000023 ], [ 122.011163994000071, 18.287890254000047 ], [ 122.063150857000096, 18.342769002000068 ], [ 122.131934612, 18.388181351000071 ], [ 122.124688018000029, 18.423745764000046 ], [ 122.166875794000021, 18.521697646000064 ], [ 122.239108302000091, 18.511822059000053 ], [ 122.248590350000086, 18.450705274000029 ], [ 122.32042427600004, 18.378976868000052 ], [ 122.337475375000054, 18.308790129000045 ], [ 122.320315447000098, 18.247146152000028 ], [ 122.263538896000114, 18.170332990000077 ], [ 122.21491560000004, 18.150664450000022 ], [ 122.181747460000111, 18.116649947000042 ], [ 122.164772601000095, 18.071423221000032 ], [ 122.188326168000117, 17.999896641000078 ], [ 122.168365728000026, 17.850726985000051 ], [ 122.13990921300001, 17.802975500000059 ], [ 122.144345101000113, 17.737689229000068 ], [ 122.168522241000119, 17.698652325000069 ], [ 122.165436490000047, 17.603526913000053 ], [ 122.190682454000012, 17.547957689000043 ], [ 122.194827848000045, 17.501074138000035 ], [ 122.244746061000114, 17.409375874000034 ], [ 122.245755314, 17.366183745000058 ], [ 122.287507533000053, 17.338946431000068 ], [ 122.393560837000109, 17.322508150000033 ], [ 122.439484985000036, 17.287668364000069 ], [ 122.422353687000054, 17.25444002100005 ], [ 122.418553006000025, 17.138062347000073 ], [ 122.45810080900003, 17.114503528000057 ], [ 122.51497155800007, 17.136876288000053 ], [ 122.510074732000021, 17.037594803000047 ], [ 122.487779145000104, 17.02036920300003 ], [ 122.464921272000083, 16.966327713000055 ], [ 122.459215240000049, 16.873859559000039 ], [ 122.43148398400001, 16.831394414000044 ], [ 122.433482662000074, 16.797123175000024 ], [ 122.357822348000013, 16.67740849200004 ], [ 122.298744859000067, 16.55266817200004 ], [ 122.250815803000023, 16.51627237200006 ], [ 122.23417917900008, 16.487238956000056 ] ] ] ] } },
{ "type": "Feature", "properties": { "ADM1_EN": "Region III (Central Luzon)", "ADM1_PCODE": "PH03", "ADM0_EN": "Philippines (the)", "ADM0_PCODE": "PH", "DATE": "2022-11-09", "VALIDON": "2023-11-06", "VALIDTO": 0, "SHAPE_LENG": 15.9495625307, "SHAPE_AREA": 1.79351268457, "ADM1ALT1EN": "Central Luzon", "AREA_SQKM": 21304.155518899999, "BIRTH_B": 166344, "BIRTH_M": 86473, "BIRTH_G": 79871, "DEATH_B": 83636, "DEATH_M": 47290, "DEATH_G": 36346, "MARRIAGES": 47684, "POPULATION": 12422172 }, "geometry": { "type": "MultiPolygon", "coordinates": [ [ [ [ 122.23417917900008, 16.487238956000056 ], [ 122.199356323000075, 16.433834282000078 ], [ 122.228360020000082, 16.395340249000071 ], [ 122.225094135000063, 16.357049650000022 ], [ 122.179976320000037, 16.303677168000036 ], [ 122.208274164000045, 16.271455188000061 ], [ 122.203339652000068, 16.237566206000054 ], [ 122.143218435000108, 16.192862539000032 ], [ 122.072029914000041, 16.122365236000064 ], [ 122.070082943000102, 16.092578685000035 ], [ 122.032429996000019, 16.050370203000057 ], [ 121.994233998000027, 16.043701713000075 ], [ 122.033704295, 16.111832442000036 ], [ 122.094176135000112, 16.171585413000059 ], [ 122.139397128000041, 16.256261909000045 ], [ 122.084820993000108, 16.258823981000035 ], [ 122.063497975000018, 16.223708996000028 ], [ 122.067729008000015, 16.190797576000023 ], [ 122.020868, 16.180190774000039 ], [ 121.967126967000013, 16.136384588000055 ], [ 121.86155739700007, 16.116047033000029 ], [ 121.779357486000094, 16.062419646000023 ], [ 121.757892008000113, 16.076082430000042 ], [ 121.665010170000073, 16.005500489000042 ], [ 121.554405502, 15.897447717000034 ], [ 121.551596182000026, 15.810667333000026 ], [ 121.564517831000103, 15.768322867000052 ], [ 121.636741709000034, 15.748979476000045 ], [ 121.611131660000069, 15.707719990000044 ], [ 121.617037906000064, 15.657411187000037 ], [ 121.561727506000011, 15.604531198000075 ], [ 121.530597945000068, 15.545712518000073 ], [ 121.492703340000048, 15.520978898000067 ], [ 121.488440164000053, 15.462515176000068 ], [ 121.470743752000089, 15.416636931000028 ], [ 121.430374804000053, 15.370635547000063 ], [ 121.395870020000075, 15.380151972000021 ], [ 121.373945367000033, 15.337140556000065 ], [ 121.380640472000096, 15.29007269400006 ], [ 121.417120502000103, 15.216888696000069 ], [ 121.394603815000096, 15.105961485000023 ], [ 121.374004552000088, 15.095887405000042 ], [ 121.351370189000022, 15.035906006000062 ], [ 121.338205018000053, 14.947222596000074 ], [ 121.330356625000036, 14.834802543000023 ], [ 121.208041840000078, 14.81794121400003 ], [ 121.165284636000024, 14.823417534000043 ], [ 121.099506539000117, 14.76920958900007 ], [ 121.027968895000072, 14.781271736000065 ], [ 120.978522811000062, 14.734806719000062 ], [ 120.925961465000114, 14.734299748000069 ], [ 120.906473611000024, 14.700914682000075 ], [ 120.820108536000021, 14.760218699000063 ], [ 120.750039586000071, 14.758815159000051 ], [ 120.682816174000095, 14.773868980000032 ], [ 120.654536974000052, 14.768146356000045 ], [ 120.602585074000103, 14.815458633000048 ], [ 120.559392184000103, 14.826841330000036 ], [ 120.546583374000079, 14.726362146000042 ], [ 120.584098802000085, 14.643158220000032 ], [ 120.587420788000031, 14.589587866000045 ], [ 120.608423717000051, 14.533553079000058 ], [ 120.608716791, 14.478447205000066 ], [ 120.554017824000084, 14.422366258000068 ], [ 120.388535809000018, 14.460073983000029 ], [ 120.374743028000012, 14.524687197000048 ], [ 120.392809162000049, 14.587940439000022 ], [ 120.368036683000014, 14.625765517000048 ], [ 120.314876324000011, 14.626121303000048 ], [ 120.248181797000029, 14.692287460000045 ], [ 120.257806432000052, 14.76451903800006 ], [ 120.2840905380001, 14.800739975000056 ], [ 120.225299566000103, 14.877900965000038 ], [ 120.215230771000051, 14.809095295000077 ], [ 120.18954915300003, 14.750836982000067 ], [ 120.14846895800008, 14.756340142000056 ], [ 120.078770661000021, 14.834019424000076 ], [ 120.057874831000049, 14.879493453000066 ], [ 120.063901684000029, 15.017936689000067 ], [ 120.059599319000085, 15.06182384400006 ], [ 120.016202111000098, 15.264447562000043 ], [ 119.963959866000096, 15.327698124000051 ], [ 119.967452947000083, 15.343288895000057 ], [ 119.902207783000108, 15.407130381000059 ], [ 119.914415698000084, 15.443786707000072 ], [ 119.961542246000022, 15.504217231000041 ], [ 119.917926235000095, 15.583544121000045 ], [ 119.915719355000078, 15.625846439000043 ], [ 119.932210536000071, 15.694479948000037 ], [ 119.869188364000024, 15.73583370700004 ], [ 119.909366220000038, 15.754257368000026 ], [ 119.891411481000091, 15.810836636000033 ], [ 119.973497957000063, 15.804924678000077 ], [ 119.99890120200007, 15.819663963000039 ], [ 120.019617534000076, 15.872207125000045 ], [ 120.060628313000052, 15.843698523000057 ], [ 120.14429317400004, 15.826197594000064 ], [ 120.158453087000112, 15.771714149000047 ], [ 120.252856783000084, 15.617769571000053 ], [ 120.265393322000023, 15.639273167000056 ], [ 120.311162365000087, 15.644613677000052 ], [ 120.362276333000068, 15.735466716000076 ], [ 120.427682567000033, 15.753784435000057 ], [ 120.467594252000026, 15.722242866000045 ], [ 120.551037858000086, 15.763746918000038 ], [ 120.580368189000069, 15.829906405000031 ], [ 120.615063664000104, 15.815561238000043 ], [ 120.690939916000048, 15.831160646000058 ], [ 120.73089299500009, 15.851010298000062 ], [ 120.79019697800004, 15.827182218000075 ], [ 120.819057519000012, 15.793215701000065 ], [ 120.90151585000001, 15.912567670000044 ], [ 120.920529407000117, 15.966318216000047 ], [ 120.870446518000108, 16.118870179000055 ], [ 120.940032280000082, 16.133600949000027 ], [ 120.987893524000015, 16.125824962000024 ], [ 121.047739340000021, 16.137989391000076 ], [ 121.087871308000103, 16.113999382000031 ], [ 121.174249184000018, 16.090108902000054 ], [ 121.185045047000017, 16.071747959000049 ], [ 121.193998185000055, 15.922087606000048 ], [ 121.280338997000058, 15.767132018000041 ], [ 121.317710174000013, 15.804652432000069 ], [ 121.47114962, 15.886741050000069 ], [ 121.474548874000106, 15.929847778000067 ], [ 121.528826429000105, 15.969868599000051 ], [ 121.628978730000085, 16.063865467000028 ], [ 121.845895909000092, 16.249155589000054 ], [ 121.893534255000077, 16.301854026000058 ], [ 121.967234915000063, 16.400232484000071 ], [ 122.058808191000026, 16.50925477800007 ], [ 122.214272880000067, 16.479844291000063 ], [ 122.23417917900008, 16.487238956000056 ] ] ] ] } },
{ "type": "Feature", "properties": { "ADM1_EN": "Region IV-A (Calabarzon)", "ADM1_PCODE": "PH04", "ADM0_EN": "Philippines (the)", "ADM0_PCODE": "PH", "DATE": "2022-11-09", "VALIDON": "2023-11-06", "VALIDTO": 0, "SHAPE_LENG": 27.625493930800001, "SHAPE_AREA": 1.3267196996099999, "ADM1ALT1EN": "Calabarzon", "AREA_SQKM": 15846.630559200001, "BIRTH_B": 217906, "BIRTH_M": 113018, "BIRTH_G": 104888, "DEATH_B": 103287, "DEATH_M": 58082, "DEATH_G": 45205, "MARRIAGES": 60541, "POPULATION": 16195042 }, "geometry": { "type": "MultiPolygon", "coordinates": [ [ [ [ 122.307866511000043, 14.102030337000031 ], [ 122.326269994000086, 14.062704842000073 ], [ 122.383768560000021, 14.066641330000039 ], [ 122.451993636000111, 14.150213563000023 ], [ 122.6416175170001, 14.070068482000067 ], [ 122.792517997000118, 14.013752262000025 ], [ 122.583873791000087, 13.96181139600003 ], [ 122.550910448000081, 13.945774870000037 ], [ 122.506001760000117, 13.927294166000024 ], [ 122.469221417000085, 13.934145212000033 ], [ 122.451382542000033, 13.905343278000032 ], [ 122.499409357000104, 13.844463133000033 ], [ 122.521281396000063, 13.744645658000024 ], [ 122.480591773000015, 13.699394439000059 ], [ 122.496800185000097, 13.648013676000062 ], [ 122.527074173000074, 13.613742401000025 ], [ 122.634224801000073, 13.528953963000049 ], [ 122.607234897000012, 13.522154787000034 ], [ 122.676776518000111, 13.378682013000059 ], [ 122.677085901000055, 13.275539311000045 ], [ 122.702003400000081, 13.223594096000056 ], [ 122.657798893000063, 13.208398923000061 ], [ 122.59878267800002, 13.162089163000076 ], [ 122.564641923000067, 13.178826008000044 ], [ 122.503197719000013, 13.246563469000023 ], [ 122.522415472000034, 13.309181935000026 ], [ 122.516162770000051, 13.350051128000075 ], [ 122.47257576800007, 13.42023434500004 ], [ 122.413189265000028, 13.484109706000027 ], [ 122.400715314000081, 13.523970588000054 ], [ 122.329250617000071, 13.563895321000075 ], [ 122.321759131000022, 13.590393050000046 ], [ 122.266528841000081, 13.606635018000077 ], [ 122.207577191000041, 13.602519683000025 ], [ 122.19533914100009, 13.647957316000031 ], [ 122.132058655000037, 13.745047551000027 ], [ 122.090224550000016, 13.78050134700004 ], [ 122.056018230000063, 13.775167195000051 ], [ 121.973948716000109, 13.839920198000073 ], [ 121.890460509000036, 13.862574024000025 ], [ 121.772664098000064, 13.94528856200003 ], [ 121.715648280000096, 13.970735347000073 ], [ 121.680383133000078, 13.923599032000027 ], [ 121.496495414000037, 13.853481067000075 ], [ 121.438371505000077, 13.791902489000051 ], [ 121.432358086000022, 13.760722162000036 ], [ 121.467608419000044, 13.682257206000031 ], [ 121.417627386000049, 13.655700285000023 ], [ 121.391532201000018, 13.671445562000031 ], [ 121.325581728000088, 13.633740160000059 ], [ 121.294754171000022, 13.601113575000056 ], [ 121.258329976000027, 13.59883151400004 ], [ 121.236309172, 13.625573397000039 ], [ 121.179748041000039, 13.64500677500007 ], [ 121.077720764000105, 13.618866304000051 ], [ 121.035634063000089, 13.635627308000039 ], [ 121.053582648000088, 13.670413241000062 ], [ 121.060189795000042, 13.725967155000035 ], [ 121.012116896000066, 13.778767641000059 ], [ 120.96335771300005, 13.771982123000043 ], [ 120.917198026000051, 13.699695598000062 ], [ 120.87245740100002, 13.715929692000032 ], [ 120.928453534000028, 13.779915285000072 ], [ 120.913528927000016, 13.873018180000031 ], [ 120.878693582000096, 13.901967501000058 ], [ 120.74099969100007, 13.936309202000075 ], [ 120.707733362000113, 13.921860339000034 ], [ 120.697798475000013, 13.890742355000043 ], [ 120.715701479000018, 13.840779309000027 ], [ 120.663354714000093, 13.859240321000073 ], [ 120.655274088000056, 13.831185435000066 ], [ 120.676147373000049, 13.789206088000071 ], [ 120.652437983000027, 13.772678713000062 ], [ 120.622105159000057, 13.811289915000032 ], [ 120.625124839000023, 13.895109801000046 ], [ 120.616121427000053, 13.960633223000059 ], [ 120.624976984000114, 14.063746114000025 ], [ 120.615971239000032, 14.118051798000067 ], [ 120.594410204000042, 14.154152346000046 ], [ 120.588542135000012, 14.213997734000031 ], [ 120.625716726000064, 14.225876094000057 ], [ 120.624289094000119, 14.266122653000025 ], [ 120.703876740000055, 14.284829968000054 ], [ 120.870490601000029, 14.430223676000026 ], [ 120.886144233000095, 14.461363476000031 ], [ 120.918129262000093, 14.456246315000044 ], [ 120.969930450000106, 14.475450371000022 ], [ 121.011611169000048, 14.380260945000032 ], [ 121.057384502000104, 14.37863958500003 ], [ 121.090932428000087, 14.356038872000056 ], [ 121.167538880000052, 14.261130261000062 ], [ 121.212401297000042, 14.178625803000045 ], [ 121.30403818800005, 14.203344473000072 ], [ 121.350114229000042, 14.259515413000031 ], [ 121.43509993400005, 14.300256273000059 ], [ 121.470171232000098, 14.326954468000054 ], [ 121.473428029000047, 14.371872782000025 ], [ 121.448313986000016, 14.397321084000055 ], [ 121.409820563000039, 14.378432898000028 ], [ 121.391612603000112, 14.345135542000037 ], [ 121.304956149000077, 14.32648548700007 ], [ 121.338695539000014, 14.411620088000063 ], [ 121.325104705000058, 14.46085707900005 ], [ 121.274578677000022, 14.503246765000029 ], [ 121.241752332000033, 14.502442474000077 ], [ 121.199897044000068, 14.442357430000072 ], [ 121.184768335000058, 14.483051347000071 ], [ 121.137761397000077, 14.536233714000048 ], [ 121.102104408000059, 14.524414682000042 ], [ 121.0968965510001, 14.569254547000071 ], [ 121.124617789000013, 14.708744602000024 ], [ 121.099506539000117, 14.76920958900007 ], [ 121.165284636000024, 14.823417534000043 ], [ 121.208041840000078, 14.81794121400003 ], [ 121.330356625000036, 14.834802543000023 ], [ 121.338205018000053, 14.947222596000074 ], [ 121.351370189000022, 15.035906006000062 ], [ 121.374004552000088, 15.095887405000042 ], [ 121.394603815000096, 15.105961485000023 ], [ 121.417120502000103, 15.216888696000069 ], [ 121.480938498000114, 15.180228622000072 ], [ 121.499728194000113, 15.072824396000044 ], [ 121.56678846200009, 14.966509539000072 ], [ 121.581660576000104, 14.890369400000054 ], [ 121.611641767000037, 14.855757702000062 ], [ 121.602108743000031, 14.827585130000045 ], [ 121.70985591200008, 14.72612904500005 ], [ 121.700136978000046, 14.701876612000035 ], [ 121.6339436290001, 14.668003647000035 ], [ 121.611182221000035, 14.675472869000032 ], [ 121.60862523000003, 14.599226437000027 ], [ 121.623706477000042, 14.522929201000068 ], [ 121.66331853600002, 14.392045971000073 ], [ 121.727668159000018, 14.326294499000028 ], [ 121.733332965000045, 14.265962219000073 ], [ 121.758124462000069, 14.247578691000058 ], [ 121.732115060000069, 14.172736651000037 ], [ 121.748840681000047, 14.145731341000044 ], [ 121.883304582000051, 14.041591311000047 ], [ 121.907282871, 14.011075431000052 ], [ 121.992439125000033, 13.976199284000074 ], [ 122.035556301000042, 13.94768289600006 ], [ 122.137289647000102, 13.912853584000061 ], [ 122.183560658000033, 13.916510965000043 ], [ 122.231922737000104, 13.89536828100006 ], [ 122.248004022000032, 13.933704464000073 ], [ 122.282957304000092, 13.95783362700007 ], [ 122.308174870000016, 14.011441863000073 ], [ 122.227785879000066, 14.077123481000058 ], [ 122.191742476000059, 14.094318461000057 ], [ 122.164606685000081, 14.140705519000051 ], [ 122.208329136000089, 14.183806355000058 ], [ 122.259989682000082, 14.173952432000021 ], [ 122.267360440000061, 14.124973338000075 ], [ 122.307866511000043, 14.102030337000031 ] ] ], [ [ [ 121.934935147000033, 15.058643889000052 ], [ 121.997555832000103, 15.044288483000059 ], [ 122.047864008000033, 15.003786120000029 ], [ 122.007396866000022, 14.986142413000039 ], [ 122.020238302000052, 14.919766184000025 ], [ 121.965731090000077, 14.900207688000023 ], [ 121.967730253000013, 14.867880761000038 ], [ 122.023429014000044, 14.808491812000057 ], [ 122.036417320000055, 14.717337928000063 ], [ 122.010568568000053, 14.674729756000033 ], [ 121.949806801000022, 14.628587202000062 ], [ 121.916590652000082, 14.638357765000023 ], [ 121.903240633000109, 14.706294076000063 ], [ 121.936555079000073, 14.729109401000073 ], [ 121.912078943000097, 14.796126048000076 ], [ 121.878510267000024, 14.835420355000053 ], [ 121.872693713000103, 14.876895735000062 ], [ 121.819990821000033, 14.936966738000024 ], [ 121.813427242000103, 14.981719722000037 ], [ 121.837163265000072, 15.039383293000071 ], [ 121.891127995000033, 15.030265070000041 ], [ 121.934935147000033, 15.058643889000052 ] ] ], [ [ [ 122.209904522000102, 14.842597328000068 ], [ 122.197251394000091, 14.805897494000021 ], [ 122.234816123000087, 14.786541191000026 ], [ 122.229284458000052, 14.750925411000026 ], [ 122.136133567000115, 14.798503331000063 ], [ 122.133159440000099, 14.828476545000058 ], [ 122.209904522000102, 14.842597328000068 ] ] ], [ [ [ 122.403554350000036, 14.733756076000077 ], [ 122.421180118000052, 14.687132906000045 ], [ 122.321535075000043, 14.674668697000072 ], [ 122.333049137000103, 14.710965414000043 ], [ 122.403554350000036, 14.733756076000077 ] ] ], [ [ [ 121.929485403000058, 14.235902975000045 ], [ 122.02156097000011, 14.152981260000047 ], [ 122.127757547000101, 14.087310753000054 ], [ 122.185385784000118, 14.025397548000058 ], [ 122.16675787600002, 14.000324443000068 ], [ 122.113461463000021, 14.026897012000063 ], [ 122.038092134000067, 14.089898591000065 ], [ 121.986090231000048, 14.111216799000033 ], [ 121.917154855000035, 14.207352368000045 ], [ 121.929485403000058, 14.235902975000045 ] ] ], [ [ [ 121.781784341000048, 13.879221151000024 ], [ 121.739457403000074, 13.899090826000077 ], [ 121.756155088000014, 13.942874669000048 ], [ 121.788650560000065, 13.935551964000069 ], [ 121.781784341000048, 13.879221151000024 ] ] ] ] } },
{ "type": "Feature", "properties": { "ADM1_EN": "Region V (Bicol Region)", "ADM1_PCODE": "PH05", "ADM0_EN": "Philippines (the)", "ADM0_PCODE": "PH", "DATE": "2022-11-09", "VALIDON": "2023-11-06", "VALIDTO": 0, "SHAPE_LENG": 44.92324346, "SHAPE_AREA": 1.4463242575199999, "ADM1ALT1EN": "Bicol Region", "AREA_SQKM": 17338.375533099999, "BIRTH_B": 97716, "BIRTH_M": 50668, "BIRTH_G": 47048, "DEATH_B": 42549, "DEATH_M": 24277, "DEATH_G": 18272, "MARRIAGES": 25511, "POPULATION": 6082165 }, "geometry": { "type": "MultiPolygon", "coordinates": [ [ [ [ 123.237051, 12.601248518000034 ], [ 123.304531513000029, 12.578552957000056 ], [ 123.361115643000062, 12.540263745000061 ], [ 123.443614428000046, 12.516936673000032 ], [ 123.523170770000092, 12.455556054000056 ], [ 123.554789166000091, 12.462465288000033 ], [ 123.571250348000035, 12.410351674000026 ], [ 123.62496120600008, 12.379024548000075 ], [ 123.655962777000013, 12.340031054000065 ], [ 123.696750077000047, 12.330615729000044 ], [ 123.744420962000049, 12.252371287000074 ], [ 123.78104690400005, 12.226152313000057 ], [ 123.808634526000105, 12.243858590000059 ], [ 123.853230898000106, 12.195024155000056 ], [ 123.88152324400005, 12.219732537000027 ], [ 123.949853485000062, 12.110325450000062 ], [ 123.969325623000032, 12.093504038000049 ], [ 124.027291798000078, 12.004004240000029 ], [ 124.010048868000013, 11.959808234000036 ], [ 124.070090330000085, 11.852563588000066 ], [ 124.055885032000106, 11.804851029000076 ], [ 124.073274685000115, 11.747279479000042 ], [ 124.053872675000093, 11.72413911700005 ], [ 123.977948241000036, 11.823292618000039 ], [ 123.918743436000113, 11.866794449000054 ], [ 123.838709142000084, 11.909778483000025 ], [ 123.721802013000115, 11.931963258000053 ], [ 123.730245829000069, 11.985598809000066 ], [ 123.703367976000095, 12.016986373000066 ], [ 123.655085633000112, 12.042834139000036 ], [ 123.613112364000017, 12.09329361500005 ], [ 123.590818953000053, 12.144613453000034 ], [ 123.532293123000045, 12.21283009800004 ], [ 123.488304136000011, 12.216556804000049 ], [ 123.427240487000063, 12.19969145500005 ], [ 123.356763353000019, 12.099134853000066 ], [ 123.335499776, 12.094012758000076 ], [ 123.302049231000069, 12.028500114000053 ], [ 123.267006054000035, 12.008331653000027 ], [ 123.24192439400008, 11.967857125000023 ], [ 123.179292474000022, 11.912399487000073 ], [ 123.143773184000111, 11.936100798000041 ], [ 123.195858890000068, 12.026605274000076 ], [ 123.219542233000084, 12.132561428000031 ], [ 123.282203929000048, 12.170487019000063 ], [ 123.28546782300009, 12.219182518000025 ], [ 123.227715047000061, 12.279396516000077 ], [ 123.266885967, 12.333857051000052 ], [ 123.265124398000012, 12.366088268000055 ], [ 123.287632958000017, 12.421307737000063 ], [ 123.255401753000115, 12.45288593600003 ], [ 123.237051, 12.601248518000034 ] ] ], [ [ [ 123.621868214000074, 12.693273987000055 ], [ 123.661659497000073, 12.644816132000074 ], [ 123.725326236000114, 12.61455806400005 ], [ 123.740465045000064, 12.554273675000047 ], [ 123.800198565000073, 12.371638726000072 ], [ 123.788193073000116, 12.339109320000034 ], [ 123.683791149000058, 12.464685431000021 ], [ 123.634022365000078, 12.543535321000036 ], [ 123.582454928000061, 12.641714084000057 ], [ 123.621868214000074, 12.693273987000055 ] ] ], [ [ [ 122.994754866000108, 13.159153355000058 ], [ 123.044817519000048, 13.135474984000041 ], [ 123.135449258000108, 13.005504754000071 ], [ 123.17965743100001, 12.917223771000067 ], [ 123.231069473000048, 12.910972345000062 ], [ 123.277476673000024, 12.888033419000067 ], [ 123.286954551, 12.819855407000034 ], [ 123.375410499000054, 12.717705351000063 ], [ 123.352264355000102, 12.702220108000063 ], [ 123.312175499000091, 12.751887519000036 ], [ 123.26352995600007, 12.830761663000033 ], [ 123.198192566000102, 12.844430862000024 ], [ 123.174115841000116, 12.881207226000072 ], [ 123.108247666000011, 12.923612859000059 ], [ 123.078060440000058, 12.957175832000075 ], [ 123.063921310000069, 12.998414290000028 ], [ 122.985873344000083, 13.006291934000046 ], [ 122.943211815000041, 13.054503160000024 ], [ 122.962124287000051, 13.124383794000039 ], [ 122.994754866000108, 13.159153355000058 ] ] ], [ [ [ 124.129964607000034, 13.236063615000035 ], [ 124.208097520000024, 13.207543222000027 ], [ 124.180497672000115, 13.17310691800003 ], [ 124.099001347000012, 13.189683735000074 ], [ 124.083033478000061, 13.212205017000031 ], [ 124.129964607000034, 13.236063615000035 ] ] ], [ [ [ 123.977147922000086, 13.291574914000023 ], [ 124.074513342000046, 13.271555696000064 ], [ 124.038810159000036, 13.218640185000027 ], [ 123.957510281000054, 13.231686705000072 ], [ 123.918304809, 13.260311084000023 ], [ 123.915166631000034, 13.286194613000077 ], [ 123.977147922000086, 13.291574914000023 ] ] ], [ [ [ 123.851130063000028, 13.354361781000023 ], [ 123.906355359000031, 13.339577071000065 ], [ 123.904799687000036, 13.304104434000067 ], [ 123.874204043000077, 13.230091798000046 ], [ 123.84998965300008, 13.267937806000077 ], [ 123.851130063000028, 13.354361781000023 ] ] ], [ [ [ 123.644272649000072, 13.978375624000023 ], [ 123.677889966000066, 13.950839866000024 ], [ 123.625119793000067, 13.906999281000026 ], [ 123.596372254000016, 13.933791730000053 ], [ 123.644272649000072, 13.978375624000023 ] ] ], [ [ [ 124.206405318000066, 14.099928587000022 ], [ 124.279465358000039, 13.998246454000025 ], [ 124.282167344000072, 13.958934525000075 ], [ 124.320735550000109, 13.910057338000058 ], [ 124.384605426, 13.892885675000059 ], [ 124.415863430000059, 13.858329317000027 ], [ 124.40728033500011, 13.750708709000037 ], [ 124.385065348000012, 13.711425806000022 ], [ 124.409205640000096, 13.660349758000052 ], [ 124.341941893000012, 13.640050556000062 ], [ 124.34310525, 13.572501517000035 ], [ 124.311871094000026, 13.588708334000046 ], [ 124.247373518000018, 13.590502482000034 ], [ 124.185066373000041, 13.522798058000035 ], [ 124.137319854000111, 13.574512147000064 ], [ 124.068935639000074, 13.604173915000047 ], [ 124.024436880000053, 13.664490482000076 ], [ 124.090591326000094, 13.700330676000021 ], [ 124.136108956000044, 13.797710867000035 ], [ 124.131060535000074, 13.88360448800006 ], [ 124.147518170000012, 13.936184676000039 ], [ 124.129178841000112, 13.970854294000048 ], [ 124.139715124000077, 14.01327862200003 ], [ 124.129161244000102, 14.059511283000063 ], [ 124.170372268000051, 14.050681378000036 ], [ 124.206405318000066, 14.099928587000022 ] ] ], [ [ [ 122.550910448000081, 13.945774870000037 ], [ 122.583873791000087, 13.96181139600003 ], [ 122.792517997000118, 14.013752262000025 ], [ 122.6416175170001, 14.070068482000067 ], [ 122.451993636000111, 14.150213563000023 ], [ 122.383768560000021, 14.066641330000039 ], [ 122.326269994000086, 14.062704842000073 ], [ 122.307866511000043, 14.102030337000031 ], [ 122.346422478000022, 14.113234128000045 ], [ 122.337720447000038, 14.184416752000061 ], [ 122.379986233000068, 14.213660035000032 ], [ 122.360548754000092, 14.245757278000042 ], [ 122.418956497000067, 14.310201145000065 ], [ 122.458346260000098, 14.329449160000024 ], [ 122.550222177000023, 14.334492157000057 ], [ 122.597593441000072, 14.318786681000063 ], [ 122.620679014000075, 14.288660201000027 ], [ 122.663912127000117, 14.300403708000033 ], [ 122.668033388000026, 14.336909268000056 ], [ 122.714851073000091, 14.338848687000052 ], [ 122.73666771, 14.311547424000025 ], [ 122.77462077000007, 14.319968864000032 ], [ 122.791472674000033, 14.282062880000069 ], [ 122.863413883000021, 14.271056222000027 ], [ 122.915468064000038, 14.221458030000065 ], [ 122.953159311000036, 14.162961007000035 ], [ 123.00212930400005, 14.114826682000057 ], [ 123.040758212000014, 14.101350163000063 ], [ 123.048234090000051, 14.068418247000068 ], [ 123.031690309000055, 14.031097186000068 ], [ 123.07901614900004, 13.98659549100006 ], [ 123.094328059000077, 13.887687827000036 ], [ 123.069700744000102, 13.876371493000022 ], [ 123.049844513000039, 13.821097523000049 ], [ 123.047567017, 13.773978055000043 ], [ 123.11508652200007, 13.72805954100005 ], [ 123.229322665000041, 13.729124393000063 ], [ 123.27634157500006, 13.750642450000043 ], [ 123.32286457500004, 13.805750649000061 ], [ 123.286053466000112, 13.89164469800005 ], [ 123.284631058000059, 13.932864109000036 ], [ 123.22849265800005, 14.002152021000029 ], [ 123.264530428000057, 14.009234069000058 ], [ 123.308992854000053, 14.066935026000067 ], [ 123.359375080000063, 14.074123605000068 ], [ 123.348828309000055, 14.010682921000068 ], [ 123.391237502000081, 14.013003990000072 ], [ 123.412651650000043, 13.985484341000074 ], [ 123.517210685, 13.918810761000032 ], [ 123.555993774000058, 13.921479068000053 ], [ 123.602907546000097, 13.89431524500003 ], [ 123.699241326000106, 13.884129269000027 ], [ 123.73354572400001, 13.899002239000026 ], [ 123.754974283000024, 13.86820506600003 ], [ 123.843428251000091, 13.815781523000055 ], [ 123.941404564000095, 13.794929008000054 ], [ 123.935692746000086, 13.735301922000076 ], [ 123.873970420000092, 13.737760631000071 ], [ 123.825733955000032, 13.692428557000028 ], [ 123.673191774000088, 13.721081325000057 ], [ 123.657714556000087, 13.707352935000074 ], [ 123.586918859000093, 13.729737583000031 ], [ 123.538502338000058, 13.638013302000047 ], [ 123.54813717400009, 13.595668501000034 ], [ 123.624129794000055, 13.491885283000045 ], [ 123.674121889000048, 13.479258905000052 ], [ 123.698523556000055, 13.447561618000066 ], [ 123.735358620000056, 13.368178156000056 ], [ 123.741538700000092, 13.332928966000054 ], [ 123.844815275000087, 13.265052179000065 ], [ 123.85769196800004, 13.224262921000047 ], [ 123.787182150000035, 13.237998711000046 ], [ 123.761906562000036, 13.203602914000044 ], [ 123.756532736000054, 13.144707420000032 ], [ 123.785908909000113, 13.118038575000071 ], [ 123.752696045000107, 13.090351708000071 ], [ 123.756769780000013, 13.063679161000039 ], [ 123.794305480000048, 13.046002164000072 ], [ 123.879432369000028, 13.143195179000031 ], [ 123.991975526000033, 13.092285846000038 ], [ 124.02221828100005, 13.052212728000029 ], [ 124.096977174000017, 13.015240425000059 ], [ 124.113521448000029, 13.065841269000032 ], [ 124.187910705000036, 13.066762737000033 ], [ 124.19828708700004, 13.021977108000044 ], [ 124.151504122, 12.998062197000024 ], [ 124.14219730100001, 12.933617162000075 ], [ 124.117371460000072, 12.908745986000042 ], [ 124.151563987000031, 12.861752188000025 ], [ 124.15556476200004, 12.808520696000073 ], [ 124.131701673000066, 12.734251369000049 ], [ 124.133892600000081, 12.662086969000029 ], [ 124.094132554000112, 12.635989324000036 ], [ 124.109491492000075, 12.596506126000065 ], [ 124.096272910000039, 12.558598298000049 ], [ 124.044106221000106, 12.532966178000038 ], [ 123.987872179000078, 12.546211454000058 ], [ 123.957641671000033, 12.574745070000063 ], [ 123.930509743000016, 12.628790070000036 ], [ 123.875090126000032, 12.65531693500003 ], [ 123.849804537000068, 12.720648854000046 ], [ 123.836893902000043, 12.838088111000047 ], [ 123.876921181000057, 12.870924913000067 ], [ 123.936753648000035, 12.844822186000044 ], [ 123.947478193000052, 12.874881554000069 ], [ 124.018559354000104, 12.877972118000059 ], [ 124.041869673000065, 12.930591922000076 ], [ 124.019578660000093, 12.973360303000049 ], [ 123.9430661990001, 12.956916420000027 ], [ 123.884307147000072, 12.978461407000054 ], [ 123.879956517000096, 12.936171512000044 ], [ 123.854817888000071, 12.897815445000049 ], [ 123.806224064000048, 12.866088562000073 ], [ 123.77197336200004, 12.880885787000068 ], [ 123.74429792300009, 12.845886503000031 ], [ 123.716953562000072, 12.884538500000076 ], [ 123.677895130000024, 12.901711466000052 ], [ 123.59360334500002, 12.902323789000036 ], [ 123.564179676000094, 12.938829519000024 ], [ 123.532682529000112, 12.93740772700005 ], [ 123.407887157000118, 13.045912264000037 ], [ 123.319536982000045, 13.006877386000042 ], [ 123.289208462000033, 13.064442088000021 ], [ 123.288684679000085, 13.146838289000073 ], [ 123.327341178000097, 13.198223321000057 ], [ 123.292781214000115, 13.253141184000071 ], [ 123.238503230000106, 13.290611229000035 ], [ 123.205707833000019, 13.357319532000076 ], [ 123.200745824000023, 13.418608176000077 ], [ 123.156479108000099, 13.45605342500005 ], [ 123.038781044000075, 13.501556891000064 ], [ 122.888212819000046, 13.576154275000022 ], [ 122.824407498000028, 13.641702555000052 ], [ 122.862020121000114, 13.689711272000068 ], [ 122.830895226000052, 13.736124777000043 ], [ 122.779541012000095, 13.764207882000051 ], [ 122.732289524000066, 13.812026611000022 ], [ 122.643031241000017, 13.843485027000042 ], [ 122.613885229000061, 13.895689229000027 ], [ 122.571037742000044, 13.902811205000035 ], [ 122.550910448000081, 13.945774870000037 ] ] ] ] } },
{ "type": "Feature", "properties": { "ADM1_EN": "Region VI (Western Visayas)", "ADM1_PCODE": "PH06", "ADM0_EN": "Philippines (the)", "ADM0_PCODE": "PH", "DATE": "2022-11-09", "VALIDON": "2023-11-06", "VALIDTO": 0, "SHAPE_LENG": 27.774145116100001, "SHAPE_AREA": 1.65759113431, "ADM1ALT1EN": "Western Visayas", "AREA_SQKM": 20047.625000299999, "BIRTH_B": 87204, "BIRTH_M": 45428, "BIRTH_G": 41776, "DEATH_B": 58659, "DEATH_M": 33194, "DEATH_G": 25465, "MARRIAGES": 32230, "POPULATION": 7954723 }, "geometry": { "type": "MultiPolygon", "coordinates": [ [ [ [ 121.388843467000015, 11.983243772000037 ], [ 121.3632794990001, 12.034068252000054 ], [ 121.380738972000017, 12.063810733000025 ], [ 121.348091967000073, 12.084371808000071 ], [ 121.355432849000067, 12.115648940000028 ], [ 121.389870367000071, 12.122771822000061 ], [ 121.418546133000063, 12.010417387000075 ], [ 121.388843467000015, 11.983243772000037 ] ] ], [ [ [ 122.084145119000027, 11.519353882000075 ], [ 122.078278897000018, 11.536621827000033 ], [ 122.101520194000045, 11.652800988000024 ], [ 122.100657142000045, 11.700553808000052 ], [ 122.068740179000088, 11.738729115000069 ], [ 122.012625803000105, 11.736152684000047 ], [ 121.918198553000025, 11.767649724000023 ], [ 121.844875498000079, 11.761352246000058 ], [ 121.878838783000106, 11.810293 ], [ 121.887072020000119, 11.899884822000047 ], [ 121.973809075000077, 11.920085119000021 ], [ 122.036070511000048, 11.866912076000062 ], [ 122.099488165000025, 11.830272682000043 ], [ 122.164606986000081, 11.825291022000044 ], [ 122.258428037000044, 11.785607028000072 ], [ 122.33130037, 11.735422485000072 ], [ 122.385365895000064, 11.734491677000051 ], [ 122.408694105000109, 11.657871441000054 ], [ 122.397453689000031, 11.635466659000031 ], [ 122.445862910000073, 11.608806424000022 ], [ 122.485792409000055, 11.559741923000047 ], [ 122.507870304000107, 11.592123358000038 ], [ 122.574318847000086, 11.563781681000023 ], [ 122.59093314200004, 11.51850422800004 ], [ 122.635543409000093, 11.522560914000053 ], [ 122.635595967000086, 11.56257847300003 ], [ 122.71538969900007, 11.581592619000048 ], [ 122.719316657000036, 11.608406337000076 ], [ 122.825991777000013, 11.610561545000053 ], [ 122.864417457000059, 11.555959356000074 ], [ 122.901300119000098, 11.528647009000053 ], [ 122.916506437000066, 11.482409626000049 ], [ 122.986552947000064, 11.482224088000066 ], [ 123.075711299000091, 11.527326474000063 ], [ 123.131312884000067, 11.571250268000028 ], [ 123.162760611000067, 11.567235462000042 ], [ 123.135144021000087, 11.510893258000067 ], [ 123.159914164000043, 11.475432672000068 ], [ 123.129961211000023, 11.419087604000026 ], [ 123.14626712200004, 11.37375942500006 ], [ 123.133024251000052, 11.343259420000038 ], [ 123.099233048000087, 11.32864154300006 ], [ 123.093811702000039, 11.223909323000044 ], [ 123.121276655000088, 11.164694573000077 ], [ 123.036392937000073, 11.171628113000054 ], [ 123.0092738190001, 11.093926979000059 ], [ 122.955322968000019, 11.069083492000061 ], [ 122.952325251000048, 11.033694352000055 ], [ 122.876509411000029, 11.032250372000021 ], [ 122.83151762500006, 11.002750107000054 ], [ 122.781724028000099, 10.987925343000029 ], [ 122.764636084000017, 10.945955576000074 ], [ 122.789138182000102, 10.899308512000061 ], [ 122.785057638000012, 10.864431627000045 ], [ 122.734200642000019, 10.785963645000038 ], [ 122.671291963000044, 10.795975156000054 ], [ 122.611452051000015, 10.774782222000056 ], [ 122.580918828000108, 10.687589006000053 ], [ 122.53166930000009, 10.679330462000053 ], [ 122.479448036, 10.688346121000052 ], [ 122.393264061000082, 10.670321005000062 ], [ 122.28158777100009, 10.659157515000061 ], [ 122.251128047000066, 10.638107839000043 ], [ 122.210347051000099, 10.638872996000032 ], [ 122.159287561000042, 10.596754847000057 ], [ 122.105920320000109, 10.583387237000068 ], [ 122.050657674000036, 10.486723219000055 ], [ 122.010737194000058, 10.443017514000076 ], [ 121.959976045000076, 10.413809783000033 ], [ 121.912713953000093, 10.446406742000022 ], [ 121.918681342000014, 10.500813728000026 ], [ 121.964433882000094, 10.572512759000062 ], [ 121.978659767000067, 10.667679802000066 ], [ 121.967641146, 10.711739677000025 ], [ 121.923126367, 10.763351358000023 ], [ 121.943355823000047, 10.797510167000041 ], [ 121.984067862000074, 10.931452068000056 ], [ 122.037849873000027, 10.997978692000061 ], [ 122.053986867000049, 11.033467337000047 ], [ 122.041375319000053, 11.071905574000027 ], [ 122.033969066000054, 11.199127747000034 ], [ 122.052039451000041, 11.261286728000073 ], [ 122.027103480000051, 11.298443717000055 ], [ 122.062587063000024, 11.374663725000062 ], [ 122.050091608000116, 11.410117701000047 ], [ 122.05821013000002, 11.468579435000038 ], [ 122.084145119000027, 11.519353882000075 ] ] ], [ [ [ 121.453078297000047, 11.869070062000048 ], [ 121.508620232000112, 11.862040948000072 ], [ 121.516901021000081, 11.826872555000023 ], [ 121.434356078000064, 11.840567395000051 ], [ 121.453078297000047, 11.869070062000048 ] ] ], [ [ [ 123.335915072000034, 10.382476470000029 ], [ 123.250462342000105, 10.414928063000048 ], [ 123.218690446000096, 10.439600951000045 ], [ 123.144324974000028, 10.434843284000067 ], [ 123.131830572000013, 10.411678991000031 ], [ 123.183214147000058, 10.358187988000054 ], [ 123.188818252000033, 10.260563292000029 ], [ 123.110668427000064, 10.165420105000067 ], [ 123.015795886000092, 10.012187241000049 ], [ 122.98320250300003, 9.912625363000075 ], [ 122.804231830000049, 9.700807986000029 ], [ 122.723329496000019, 9.597365594000053 ], [ 122.683641400000056, 9.562847185000066 ], [ 122.592908135000016, 9.463638548000063 ], [ 122.588917816000048, 9.444193230000053 ], [ 122.551925886000049, 9.474784055000043 ], [ 122.505228220000049, 9.556067455000061 ], [ 122.44785730000001, 9.621929683000076 ], [ 122.457040377000112, 9.66095445600007 ], [ 122.408392496000033, 9.659435950000045 ], [ 122.380711175000101, 9.707460850000075 ], [ 122.394372372000021, 9.728643001000023 ], [ 122.401101468000093, 9.814947174000054 ], [ 122.381793107000021, 9.844187581000028 ], [ 122.435263587, 9.904481152000074 ], [ 122.45210660500004, 9.976125470000056 ], [ 122.50804284600008, 9.986625727000046 ], [ 122.655427651000082, 9.976098191000062 ], [ 122.698965973000099, 9.994295202000046 ], [ 122.774975465000011, 10.060460779000039 ], [ 122.807732882000096, 10.061147037000069 ], [ 122.859423019000019, 10.093407432000049 ], [ 122.862181799000041, 10.141725282000039 ], [ 122.841871587000014, 10.208903092000071 ], [ 122.84178759800011, 10.297929047000025 ], [ 122.866070872000023, 10.355070062000038 ], [ 122.856916427000101, 10.406909893000034 ], [ 122.824008208, 10.441862342000036 ], [ 122.795678345000056, 10.52273182700003 ], [ 122.849434568000106, 10.547419128000058 ], [ 122.914469527000051, 10.605416661000049 ], [ 122.929546401000039, 10.660454728000047 ], [ 122.951024339000014, 10.685706885000059 ], [ 122.968083401000058, 10.795079292000025 ], [ 122.949329484000032, 10.80581823600005 ], [ 122.957286747000012, 10.896418433000065 ], [ 123.038243022000074, 10.923837699000046 ], [ 123.075586343000055, 10.915364707000037 ], [ 123.13159237800005, 10.971452222000039 ], [ 123.195677603000036, 11.003010359000029 ], [ 123.266583734000051, 10.986152128000072 ], [ 123.321069720000082, 10.950981074000026 ], [ 123.373149972000078, 10.961160006000057 ], [ 123.448079601000018, 10.937497375000021 ], [ 123.508074828000076, 10.908176423000043 ], [ 123.532089123000105, 10.836966821000033 ], [ 123.568278326000041, 10.794357373000025 ], [ 123.508059121000088, 10.704604432000053 ], [ 123.491691972000012, 10.613333407000027 ], [ 123.463428590000035, 10.526180459000045 ], [ 123.422301192000077, 10.47656190500004 ], [ 123.35922, 10.440724528000032 ], [ 123.335915072000034, 10.382476470000029 ] ] ], [ [ [ 122.514407499000072, 10.410814564000077 ], [ 122.502672541000038, 10.46610527100006 ], [ 122.526466043000028, 10.532781365000062 ], [ 122.510878331000072, 10.582133333000058 ], [ 122.527270102000102, 10.615002864000076 ], [ 122.614959202000023, 10.685635945000058 ], [ 122.614859092000074, 10.718851581000024 ], [ 122.657878425000035, 10.754022400000053 ], [ 122.713876362000065, 10.715628863000063 ], [ 122.724986831000024, 10.615046608000057 ], [ 122.682553391000056, 10.502208969000037 ], [ 122.644876566000107, 10.471413280000036 ], [ 122.625651874000027, 10.434314450000045 ], [ 122.514407499000072, 10.410814564000077 ] ] ] ] } },
{ "type": "Feature", "properties": { "ADM1_EN": "Region VII (Central Visayas)", "ADM1_PCODE": "PH07", "ADM0_EN": "Philippines (the)", "ADM0_PCODE": "PH", "DATE": "2022-11-09", "VALIDON": "2023-11-06", "VALIDTO": 0, "SHAPE_LENG": 29.113105236500001, "SHAPE_AREA": 1.1784313950600001, "ADM1ALT1EN": "Central Visayas", "AREA_SQKM": 14293.6578458, "BIRTH_B": 117337, "BIRTH_M": 60941, "BIRTH_G": 56396, "DEATH_B": 54636, "DEATH_M": 30464, "DEATH_G": 24172, "MARRIAGES": 34506, "POPULATION": 8081988 }, "geometry": { "type": "MultiPolygon", "coordinates": [ [ [ [ 123.723121994000053, 11.154327203000037 ], [ 123.687986101000092, 11.225499525000032 ], [ 123.729665744000044, 11.301210794000042 ], [ 123.756629532000034, 11.267717442000048 ], [ 123.768086176000111, 11.210299982000038 ], [ 123.801129654000079, 11.174216631000036 ], [ 123.783780266, 11.146223594000048 ], [ 123.723121994000053, 11.154327203000037 ] ] ], [ [ [ 123.448296830000118, 9.545078712000077 ], [ 123.397948203000055, 9.493916824000053 ], [ 123.35391478400004, 9.425333773000034 ], [ 123.300274449000085, 9.418495793000034 ], [ 123.296395643000096, 9.479893391000076 ], [ 123.326049534000049, 9.637685184000077 ], [ 123.34600343000011, 9.791220120000048 ], [ 123.372432775000107, 9.820930578000059 ], [ 123.370863721000092, 9.869456878000051 ], [ 123.397570020000103, 9.876257043000066 ], [ 123.397700275000034, 9.927999875000069 ], [ 123.366242150000062, 9.946393581000052 ], [ 123.409994466000057, 10.003744663000077 ], [ 123.414604214000065, 10.05174846500006 ], [ 123.444791186000089, 10.074218773000041 ], [ 123.517171994000023, 10.152701905000072 ], [ 123.52585131, 10.190831551000031 ], [ 123.582413269000085, 10.263604579000059 ], [ 123.579617380000059, 10.322255433000066 ], [ 123.591985908000083, 10.347928760000059 ], [ 123.666489268000078, 10.412797987000033 ], [ 123.702890509000099, 10.521705414000053 ], [ 123.755387978000044, 10.64480201300006 ], [ 123.831115016000012, 10.75502270000004 ], [ 123.868990593000035, 10.837254084000051 ], [ 123.904354609000052, 10.93589221700006 ], [ 123.928542958000094, 10.979366350000021 ], [ 123.902138508, 11.035451900000055 ], [ 123.951065791000019, 11.087794341000063 ], [ 123.959272928000019, 11.125994857000023 ], [ 123.944069763000016, 11.185429 ], [ 123.98698871900001, 11.224502642000061 ], [ 123.998446695000098, 11.271178860000077 ], [ 124.055242245000045, 11.281062611000038 ], [ 124.069664800000055, 11.254114134000076 ], [ 124.037370663000047, 11.205877281000028 ], [ 124.035405, 11.148729286000048 ], [ 123.988573173000077, 11.076435565000054 ], [ 124.037309418000063, 11.039767414000039 ], [ 124.044675093000023, 10.990240979000021 ], [ 124.031256060000032, 10.944918536000046 ], [ 124.053725592000092, 10.879699927000047 ], [ 124.010258910000061, 10.768489441000042 ], [ 124.012131825000097, 10.703279854000073 ], [ 124.032679425000083, 10.595298483000022 ], [ 124.022906969000019, 10.563882837000051 ], [ 124.032212853000033, 10.496692966000069 ], [ 123.998668903000066, 10.415602120000074 ], [ 124.012404736, 10.387252993000061 ], [ 123.96781218700005, 10.329844703000049 ], [ 123.891191233000086, 10.289383814000075 ], [ 123.863143735000108, 10.248475431000031 ], [ 123.767882268000108, 10.227345249000052 ], [ 123.756431922000047, 10.196523911000043 ], [ 123.701431445000026, 10.151742589000037 ], [ 123.67846897000004, 10.08368203200007 ], [ 123.641221533000021, 10.084698843000069 ], [ 123.614798084000086, 9.993736324000054 ], [ 123.624838445000023, 9.949173019000057 ], [ 123.60821, 9.874482 ], [ 123.56904376600005, 9.851524219000055 ], [ 123.537073532000022, 9.805354066000064 ], [ 123.536153, 9.756284 ], [ 123.513884812000015, 9.741264294000075 ], [ 123.510686, 9.697929 ], [ 123.448296830000118, 9.545078712000077 ] ] ], [ [ [ 124.436112684000022, 10.717890083000043 ], [ 124.512914391000095, 10.675606018000053 ], [ 124.501028253000072, 10.644452425000054 ], [ 124.455238999000017, 10.62868627000006 ], [ 124.355018285000028, 10.61776642500007 ], [ 124.312450187000081, 10.58665325000004 ], [ 124.298721219000072, 10.634792620000042 ], [ 124.317618010000047, 10.709848015000034 ], [ 124.399840107000045, 10.685176427000044 ], [ 124.436112684000022, 10.717890083000043 ] ] ], [ [ [ 123.335915072000034, 10.382476470000029 ], [ 123.325974707000114, 10.339501506000033 ], [ 123.33149030300001, 10.27805539600007 ], [ 123.282278127000041, 10.172285926000029 ], [ 123.281334513000047, 10.129111451000028 ], [ 123.239607895000063, 10.046985091000067 ], [ 123.228205824000042, 10.003779055000052 ], [ 123.182483657000034, 9.953923779000036 ], [ 123.146897981000052, 9.891975764000051 ], [ 123.142960327000083, 9.820425069000066 ], [ 123.160659892000012, 9.70796907700003 ], [ 123.148723884000105, 9.653833557000041 ], [ 123.107573730000013, 9.628465969000047 ], [ 123.132768061000093, 9.583273853000037 ], [ 123.120474229000024, 9.552719675000048 ], [ 123.162141196000107, 9.538125441000034 ], [ 123.184350693000056, 9.480313624000075 ], [ 123.226902494000115, 9.466294452000056 ], [ 123.234792411000058, 9.426450017000036 ], [ 123.267702630000031, 9.369980390000023 ], [ 123.30832204100011, 9.339851309000039 ], [ 123.311702024000056, 9.299495040000068 ], [ 123.270706210000071, 9.187483386000054 ], [ 123.212155514000074, 9.120556141000066 ], [ 123.2022562840001, 9.093765278000035 ], [ 123.111899126000026, 9.05394412000004 ], [ 123.073806419000107, 9.066716127000063 ], [ 123.01498644000003, 9.038461430000041 ], [ 122.935089743000049, 9.08582666600006 ], [ 122.879211124000108, 9.222640159000036 ], [ 122.864852821000113, 9.328934969000045 ], [ 122.80815205600004, 9.359084086000053 ], [ 122.674395535000031, 9.379782497000065 ], [ 122.588917816000048, 9.444193230000053 ], [ 122.592908135000016, 9.463638548000063 ], [ 122.683641400000056, 9.562847185000066 ], [ 122.723329496000019, 9.597365594000053 ], [ 122.804231830000049, 9.700807986000029 ], [ 122.98320250300003, 9.912625363000075 ], [ 123.015795886000092, 10.012187241000049 ], [ 123.110668427000064, 10.165420105000067 ], [ 123.188818252000033, 10.260563292000029 ], [ 123.183214147000058, 10.358187988000054 ], [ 123.131830572000013, 10.411678991000031 ], [ 123.144324974000028, 10.434843284000067 ], [ 123.218690446000096, 10.439600951000045 ], [ 123.250462342000105, 10.414928063000048 ], [ 123.335915072000034, 10.382476470000029 ] ] ], [ [ [ 124.043862931000035, 10.33426160700003 ], [ 123.983110905000103, 10.258500754000067 ], [ 123.946507319000034, 10.242256660000066 ], [ 123.924144973000011, 10.280087033000029 ], [ 123.98052043000007, 10.332031045000065 ], [ 124.008618062000096, 10.311977332000026 ], [ 124.043862931000035, 10.33426160700003 ] ] ], [ [ [ 124.555483717000016, 9.824940717000061 ], [ 124.590737932000025, 9.811160848000043 ], [ 124.595383656000081, 9.766505733000031 ], [ 124.571342141000059, 9.732418237000047 ], [ 124.514056186000062, 9.722875233000025 ], [ 124.484489199000109, 9.760939703000076 ], [ 124.445636782000065, 9.720809105000058 ], [ 124.408933900000079, 9.710928386000035 ], [ 124.398992608000071, 9.652581916000031 ], [ 124.284014154000033, 9.604618532000075 ], [ 124.231735394000111, 9.598811933000036 ], [ 124.191016075000107, 9.610044386000027 ], [ 124.104989098000033, 9.590027331000044 ], [ 123.969697557000018, 9.600954176000073 ], [ 123.854649102000053, 9.637559059000068 ], [ 123.843993024000042, 9.667256902000076 ], [ 123.863468263000073, 9.715361745000052 ], [ 123.840271073000054, 9.739486140000054 ], [ 123.78746461500009, 9.739125933000025 ], [ 123.782820954000044, 9.771551344000045 ], [ 123.806374739000034, 9.841798292000021 ], [ 123.866708265000057, 9.910778740000069 ], [ 123.951738550000073, 9.942906483000058 ], [ 124.044122689000119, 9.987890573000072 ], [ 124.062269213000036, 10.067498070000056 ], [ 124.096308994000083, 10.076169500000049 ], [ 124.137510986000052, 10.11221714800007 ], [ 124.147505042000034, 10.149233609000021 ], [ 124.207853068000077, 10.161005524000075 ], [ 124.281046283000023, 10.155168974000048 ], [ 124.313893336000092, 10.165284181000061 ], [ 124.341708949, 10.138076806000072 ], [ 124.391759667000088, 10.130628708000074 ], [ 124.415903276000108, 10.101773840000021 ], [ 124.481949554000039, 10.055596491000074 ], [ 124.514488761000052, 10.070278443000063 ], [ 124.546976813000015, 10.040945973000021 ], [ 124.570051056000011, 9.976500892000047 ], [ 124.551143562000107, 9.928837378000026 ], [ 124.570110842000076, 9.885656192000056 ], [ 124.528818129000115, 9.858035237000024 ], [ 124.555483717000016, 9.824940717000061 ] ] ], [ [ [ 123.844780234000041, 9.587631177000048 ], [ 123.797208652000108, 9.551585063000061 ], [ 123.758316920000084, 9.545066035000048 ], [ 123.751707003000092, 9.594855626000026 ], [ 123.771740660000091, 9.617117394000047 ], [ 123.832985358000087, 9.643987935000041 ], [ 123.87146374200006, 9.62205061700007 ], [ 123.844780234000041, 9.587631177000048 ] ] ], [ [ [ 123.612395896000066, 9.300928537000061 ], [ 123.644777814, 9.281934177000039 ], [ 123.669077313000116, 9.212178576000042 ], [ 123.656322377000038, 9.192040467000027 ], [ 123.681275586000083, 9.121173439000074 ], [ 123.634867661000044, 9.123854215000051 ], [ 123.58708359100001, 9.095770904000062 ], [ 123.514662829000031, 9.137711243000069 ], [ 123.456104200000027, 9.182807139000033 ], [ 123.470616913000072, 9.224323464000065 ], [ 123.510876938000024, 9.214235908000035 ], [ 123.562371041, 9.228097714000057 ], [ 123.612395896000066, 9.300928537000061 ] ] ] ] } },
{ "type": "Feature", "properties": { "ADM1_EN": "Region VIII (Eastern Visayas)", "ADM1_PCODE": "PH08", "ADM0_EN": "Philippines (the)", "ADM0_PCODE": "PH", "DATE": "2022-11-09", "VALIDON": "2023-11-06", "VALIDTO": 0, "SHAPE_LENG": 42.021160719900003, "SHAPE_AREA": 1.7268041436799999, "ADM1ALT1EN": "Eastern Visayas", "AREA_SQKM": 20835.675131399999, "BIRTH_B": 60003, "BIRTH_M": 31023, "BIRTH_G": 28980, "DEATH_B": 31005, "DEATH_M": 17259, "DEATH_G": 13746, "MARRIAGES": 13748, "POPULATION": 4547150 }, "geometry": { "type": "MultiPolygon", "coordinates": [ [ [ [ 125.06232414200008, 12.686053397000023 ], [ 125.073659805000034, 12.627662127000065 ], [ 125.029123657000014, 12.649455850000038 ], [ 125.06232414200008, 12.686053397000023 ] ] ], [ [ [ 124.266153682000095, 12.561003429000039 ], [ 124.27993879600001, 12.582835940000052 ], [ 124.324723740000081, 12.555300418000058 ], [ 124.477307440000118, 12.536652847000028 ], [ 124.511506644000065, 12.519423363000044 ], [ 124.568527903000017, 12.529065550000041 ], [ 124.633052165000095, 12.508202337000057 ], [ 124.747186248000048, 12.516792120000048 ], [ 124.801411418000043, 12.541349163000064 ], [ 124.85757044200011, 12.532977747000075 ], [ 124.903193972000054, 12.567001280000056 ], [ 124.953614764, 12.578528737000056 ], [ 124.973557978000031, 12.551128213000027 ], [ 125.013043094000068, 12.564608789000033 ], [ 125.029242897000017, 12.530364467000027 ], [ 125.075344309000116, 12.536280582000074 ], [ 125.110119167000107, 12.563812925000036 ], [ 125.151586935000068, 12.57403688100004 ], [ 125.240210110000021, 12.51298076300003 ], [ 125.269785410000054, 12.477484584000024 ], [ 125.310956022000028, 12.397467577000043 ], [ 125.286300634000099, 12.337136362000024 ], [ 125.309636745000034, 12.298951042000056 ], [ 125.425115590000019, 12.277924681000059 ], [ 125.50591454500011, 12.205852603000039 ], [ 125.515786710000043, 12.179757836000022 ], [ 125.467007865000028, 12.164329120000048 ], [ 125.438815772000112, 12.111342919000037 ], [ 125.480015176000052, 12.096812169000032 ], [ 125.502064612000027, 12.052023695000059 ], [ 125.454420957000025, 11.996001608000029 ], [ 125.422554765000086, 11.929984615000023 ], [ 125.435260908000032, 11.827984284000024 ], [ 125.473214116, 11.798288542000023 ], [ 125.43730736200007, 11.744788371000027 ], [ 125.470231522000063, 11.73552126800007 ], [ 125.48437965100004, 11.681775144000028 ], [ 125.438364618000037, 11.614696051000067 ], [ 125.479224232000092, 11.529266581000059 ], [ 125.515651226000045, 11.490110153000046 ], [ 125.50809877800009, 11.46216744000003 ], [ 125.548818817000097, 11.41209238700003 ], [ 125.632444772000099, 11.337010986000053 ], [ 125.606552239000052, 11.30201502400007 ], [ 125.547949091000078, 11.260548266000058 ], [ 125.535017716000084, 11.194043630000067 ], [ 125.582696877000103, 11.179538024000067 ], [ 125.62118732700003, 11.201790682000023 ], [ 125.665131177000035, 11.198199569000053 ], [ 125.702366383000026, 11.121575717000042 ], [ 125.750324440000099, 11.065143495000029 ], [ 125.738065844000062, 11.016048042000023 ], [ 125.687525821, 11.071242369000061 ], [ 125.698747669000113, 11.108474343000069 ], [ 125.660497898000017, 11.142383989000052 ], [ 125.59870426100008, 11.116252442000075 ], [ 125.543565078000029, 11.151413916000024 ], [ 125.501330593000034, 11.092918691000023 ], [ 125.456771125000046, 11.102155131000075 ], [ 125.407395242, 11.081845043000044 ], [ 125.360350292000021, 11.119490821000056 ], [ 125.318413441000075, 11.116691794000076 ], [ 125.297356025000113, 11.142885988000046 ], [ 125.264051052000013, 11.134720003000041 ], [ 125.235290212000109, 11.085927619000074 ], [ 125.209291854000071, 11.098093531000075 ], [ 125.194255523000038, 11.183798696000053 ], [ 125.151049718000081, 11.27535613200007 ], [ 125.124426597000024, 11.284242653000035 ], [ 125.04480258000001, 11.281249925000054 ], [ 125.004993436000063, 11.267873593000047 ], [ 124.979614266000112, 11.296041868000032 ], [ 124.993349093, 11.351249747000054 ], [ 124.988114533000044, 11.416668103000063 ], [ 124.902336301000105, 11.470665944000075 ], [ 124.851896589000035, 11.463243043000034 ], [ 124.83157768600006, 11.478183748000049 ], [ 124.834756334000076, 11.530468032000044 ], [ 124.880178048000062, 11.568405244000076 ], [ 124.94950290700001, 11.57194529800006 ], [ 124.984978899000112, 11.616965401000073 ], [ 124.973486659000059, 11.667136438000057 ], [ 125.044419082000104, 11.749525153000036 ], [ 125.006884043000014, 11.778259311000056 ], [ 124.918954341000017, 11.743232873000068 ], [ 124.892693652000048, 11.750743330000034 ], [ 124.85643458100003, 11.813658492000059 ], [ 124.80446892100008, 11.84398795900006 ], [ 124.742168543000048, 11.926678170000059 ], [ 124.705082256000082, 11.945016593000048 ], [ 124.690235942000072, 12.003768380000054 ], [ 124.649417378000066, 12.043323365000049 ], [ 124.594273516000044, 12.065973749000023 ], [ 124.546233007000069, 12.059011906000023 ], [ 124.473831395000047, 12.112618769000051 ], [ 124.450472145000049, 12.152978216000065 ], [ 124.390455839000083, 12.195106796000061 ], [ 124.333172751, 12.348028271000032 ], [ 124.34097819100009, 12.376099299000032 ], [ 124.322053591000099, 12.427264604000072 ], [ 124.282360357000016, 12.478191225000046 ], [ 124.266153682000095, 12.561003429000039 ] ] ], [ [ [ 124.221287743000062, 12.084050984000044 ], [ 124.180965030000038, 12.043132105000041 ], [ 124.168195633000096, 12.076779183000042 ], [ 124.221287743000062, 12.084050984000044 ] ] ], [ [ [ 124.332884659000115, 11.956265164000058 ], [ 124.3032390730001, 11.898869089000073 ], [ 124.278781521000042, 11.921720942000036 ], [ 124.332884659000115, 11.956265164000058 ] ] ], [ [ [ 124.443191187000025, 11.932367002000035 ], [ 124.466976382000098, 11.890715585000066 ], [ 124.416582433000031, 11.89095573700007 ], [ 124.443191187000025, 11.932367002000035 ] ] ], [ [ [ 124.349970852000069, 11.79390438300004 ], [ 124.3249952970001, 11.759944248000068 ], [ 124.29422670200006, 11.783841915000039 ], [ 124.331113503000097, 11.81580794000007 ], [ 124.349970852000069, 11.79390438300004 ] ] ], [ [ [ 124.706933116000073, 11.70721327900003 ], [ 124.754137803000049, 11.686134689000028 ], [ 124.801985466000019, 11.643540758000029 ], [ 124.787493419000043, 11.620823415000075 ], [ 124.836536048000085, 11.590280437000047 ], [ 124.823515727000085, 11.530000145000031 ], [ 124.764967375000083, 11.576471034000065 ], [ 124.78221648300007, 11.609461454000041 ], [ 124.720241778000059, 11.673059806000026 ], [ 124.706933116000073, 11.70721327900003 ] ] ], [ [ [ 124.390721405000022, 11.60055791800005 ], [ 124.361073873, 11.65710126700003 ], [ 124.372431887000062, 11.692836205000049 ], [ 124.465328123000063, 11.705896284000062 ], [ 124.535594183000057, 11.676206940000043 ], [ 124.583190091, 11.567137127000024 ], [ 124.616333684000097, 11.544455354000036 ], [ 124.605733668000084, 11.488540157000045 ], [ 124.462326396000094, 11.467784506000044 ], [ 124.391242826000052, 11.56056705900005 ], [ 124.390721405000022, 11.60055791800005 ] ] ], [ [ [ 125.033995442000105, 10.933537331000025 ], [ 125.00396506900006, 10.846307167000077 ], [ 125.010230713000055, 10.758544903000029 ], [ 125.026192215000037, 10.729255312000021 ], [ 125.115068424000015, 10.69495205100003 ], [ 125.112418282000021, 10.659623673000056 ], [ 125.184243714000104, 10.59456048100003 ], [ 125.188117522000084, 10.560947954000028 ], [ 125.164467749000096, 10.535021132000054 ], [ 125.191044629000089, 10.475180755000054 ], [ 125.17983072100003, 10.436925579000047 ], [ 125.200467913000011, 10.39932483900003 ], [ 125.239731354000014, 10.394797665000056 ], [ 125.26802968100003, 10.299925232000021 ], [ 125.249134621000053, 10.254997875000072 ], [ 125.215380545000016, 10.246534939000071 ], [ 125.131466487000012, 10.275482170000032 ], [ 125.126402288, 10.16417374100007 ], [ 125.083808893000082, 10.217274562000057 ], [ 125.025057282000034, 10.368596059000026 ], [ 124.969836197000063, 10.377046689000053 ], [ 124.984916076000104, 10.244173511000042 ], [ 124.977069380000103, 10.214100494000036 ], [ 125.023416025000074, 10.089415358000053 ], [ 125.019011730000102, 10.028448828000023 ], [ 124.983224509000024, 10.035065883000073 ], [ 124.892580509000027, 10.118685805000041 ], [ 124.805007732000036, 10.129834488000029 ], [ 124.756756144000065, 10.159038682000073 ], [ 124.76723778600001, 10.241435928000044 ], [ 124.791307034000056, 10.301994022000031 ], [ 124.767491760000098, 10.355691432000071 ], [ 124.723206258000118, 10.40511734100005 ], [ 124.721545334000098, 10.48857206200006 ], [ 124.767303107000089, 10.539476206000074 ], [ 124.768181953000067, 10.612664596000059 ], [ 124.803457683000033, 10.65899059700007 ], [ 124.783303772000068, 10.774516198000072 ], [ 124.760647400000039, 10.819914854000046 ], [ 124.707640572000059, 10.879454853000027 ], [ 124.683407382000041, 10.939085789000046 ], [ 124.65358543800005, 10.951278792000039 ], [ 124.597198429000059, 11.012839283000062 ], [ 124.537791102000028, 10.977549420000059 ], [ 124.550223190000111, 10.927671368000063 ], [ 124.517200462000119, 10.868950260000076 ], [ 124.473288327000091, 10.867971519000037 ], [ 124.424554481000087, 10.930449864000025 ], [ 124.37498430900007, 10.923859995000043 ], [ 124.408341492000091, 10.987065793000056 ], [ 124.402083522000112, 11.033527532000051 ], [ 124.379166676000068, 11.060986487000037 ], [ 124.402680383000074, 11.120225717000039 ], [ 124.38519968300011, 11.181548924000026 ], [ 124.379997824000043, 11.267024055000036 ], [ 124.387494317000119, 11.29988492800004 ], [ 124.340853726000091, 11.317532404000076 ], [ 124.341819275000034, 11.36345215800003 ], [ 124.289942112000062, 11.494507101000067 ], [ 124.285678535000102, 11.529579606000027 ], [ 124.313544474000082, 11.563515567000024 ], [ 124.400354516000107, 11.484883788000047 ], [ 124.481122712000115, 11.38550749500007 ], [ 124.469355816000075, 11.445405214000061 ], [ 124.536315357000035, 11.424557623000055 ], [ 124.551532469000108, 11.338871978000043 ], [ 124.580244341000025, 11.31087476700003 ], [ 124.63686399900007, 11.295070719000023 ], [ 124.69429143800005, 11.302004663000048 ], [ 124.764899312000011, 11.344182217000025 ], [ 124.807109749000119, 11.385425436000048 ], [ 124.80873229000008, 11.412520479000023 ], [ 124.873166191000109, 11.435143690000075 ], [ 124.889207621000082, 11.42054039900006 ], [ 124.948829722000028, 11.423409659000072 ], [ 124.97998507200009, 11.39922821600004 ], [ 124.962014889000102, 11.316718411000068 ], [ 124.964273727000091, 11.27281372300007 ], [ 124.995054802000027, 11.248411178000026 ], [ 125.025639331000093, 11.196402895000062 ], [ 125.007246674000044, 11.157828635000044 ], [ 125.039788571000031, 11.063552165000033 ], [ 125.033995442000105, 10.933537331000025 ] ] ], [ [ [ 125.691566114000011, 10.822411887000044 ], [ 125.723995209, 10.805487586000027 ], [ 125.71077205000006, 10.760780663000048 ], [ 125.733821762000048, 10.739858433000052 ], [ 125.812863716000038, 10.729705985000066 ], [ 125.810786601000018, 10.696651878000068 ], [ 125.755153680000035, 10.688425591000055 ], [ 125.660012413000118, 10.760158747000048 ], [ 125.6605762800001, 10.791110677000063 ], [ 125.691566114000011, 10.822411887000044 ] ] ], [ [ [ 125.203624808000086, 10.004025800000022 ], [ 125.180709889000013, 10.043169238000075 ], [ 125.141245512000069, 10.058683229000053 ], [ 125.116350236000017, 10.112751959000036 ], [ 125.127161170000022, 10.161821682000038 ], [ 125.167428981000057, 10.13261869300004 ], [ 125.210706769000012, 10.128491672000052 ], [ 125.244628382000087, 10.041310074000023 ], [ 125.280367642000101, 9.992620247000048 ], [ 125.273382003000052, 9.965750789000026 ], [ 125.298854017000053, 9.925342040000032 ], [ 125.255724626000074, 9.91399614200003 ], [ 125.239512989000104, 9.961222260000056 ], [ 125.203624808000086, 10.004025800000022 ] ] ] ] } },
{ "type": "Feature", "properties": { "ADM1_EN": "Region IX (Zamboanga Peninsula)", "ADM1_PCODE": "PH09", "ADM0_EN": "Philippines (the)", "ADM0_PCODE": "PH", "DATE": "2022-11-09", "VALIDON": "2023-11-06", "VALIDTO": 0, "SHAPE_LENG": 23.181441458199998, "SHAPE_AREA": 1.19667723147, "ADM1ALT1EN": "Zamboanga Peninsula", "AREA_SQKM": 14596.0535642, "BIRTH_B": 55313, "BIRTH_M": 28712, "BIRTH_G": 26601, "DEATH_B": 23554, "DEATH_M": 13549, "DEATH_G": 10005, "MARRIAGES": 13187, "POPULATION": 3875576 }, "geometry": { "type": "MultiPolygon", "coordinates": [ [ [ [ 123.553826723000043, 8.616682562000051 ], [ 123.561079680000034, 8.345355826000059 ], [ 123.558075469000073, 8.180193381000038 ], [ 123.561178912000059, 8.02504065200003 ], [ 123.634, 8.020568737000076 ], [ 123.649851953000052, 7.959801629000026 ], [ 123.663546403000055, 7.922497570000075 ], [ 123.659285142000044, 7.877206733000037 ], [ 123.624133701000119, 7.830433768000034 ], [ 123.573141201000112, 7.851425033000055 ], [ 123.543879594000032, 7.847832499000049 ], [ 123.460457805000033, 7.811934227000052 ], [ 123.426941272000022, 7.816595721000056 ], [ 123.426954653000053, 7.763972937000062 ], [ 123.482625129000098, 7.72738769800003 ], [ 123.482233626000038, 7.681703740000046 ], [ 123.46311533700009, 7.633179416000075 ], [ 123.382668417000104, 7.602166640000064 ], [ 123.337604873000032, 7.548460521000038 ], [ 123.382740859000023, 7.528205049000064 ], [ 123.395480553000084, 7.46914569300003 ], [ 123.435815351000088, 7.452984853000032 ], [ 123.447899912000025, 7.36924252600005 ], [ 123.40570730200011, 7.357656295000027 ], [ 123.37526330500009, 7.399249164000025 ], [ 123.33434804500007, 7.412923689000024 ], [ 123.285227354000085, 7.467040986000029 ], [ 123.30035634300009, 7.531862979000039 ], [ 123.227377200000092, 7.53771921200007 ], [ 123.16152631600005, 7.497047913000074 ], [ 123.115871991000063, 7.513951185000053 ], [ 123.102308724000068, 7.557042538000076 ], [ 123.19579495000005, 7.588570978000064 ], [ 123.17458754200004, 7.634900037000023 ], [ 123.12822303400003, 7.660438915000043 ], [ 123.145655617000102, 7.687915030000056 ], [ 123.11763923400008, 7.722232849000022 ], [ 123.043810866000058, 7.660636235000027 ], [ 123.050006760000088, 7.620773636000024 ], [ 123.003841178000016, 7.480155804000049 ], [ 122.949572690000082, 7.480765297000062 ], [ 122.921550389000117, 7.535902183000076 ], [ 122.889175244000057, 7.53982882400004 ], [ 122.877584588000104, 7.47070922000006 ], [ 122.823953104000111, 7.443515037000054 ], [ 122.823106482000071, 7.560124263000034 ], [ 122.788914020000107, 7.591418412000053 ], [ 122.794927692000101, 7.636241536000057 ], [ 122.782546083000057, 7.674695730000053 ], [ 122.809378351000078, 7.74871395100007 ], [ 122.732886618000066, 7.763651421000077 ], [ 122.716398936000019, 7.784366171000045 ], [ 122.623138045000019, 7.774277914000038 ], [ 122.602190626000038, 7.751798571000052 ], [ 122.546805821000021, 7.734029548000024 ], [ 122.525052384000105, 7.692904980000037 ], [ 122.445617386000094, 7.606983229000036 ], [ 122.436723234000056, 7.569179658000053 ], [ 122.482109579000053, 7.569774453000036 ], [ 122.417801172000054, 7.503493947000038 ], [ 122.36172117000001, 7.474888942000064 ], [ 122.346100107000098, 7.44217842200004 ], [ 122.355910459000029, 7.401261304000059 ], [ 122.391263547000108, 7.386472234000053 ], [ 122.344122975000118, 7.317822275000026 ], [ 122.290283685000077, 7.321523505000073 ], [ 122.2778283990001, 7.231640886000037 ], [ 122.247892127000114, 7.187673632000042 ], [ 122.26014947300007, 7.159403820000023 ], [ 122.251725162000071, 7.105551122000065 ], [ 122.212575089000097, 7.057919481000056 ], [ 122.183979250000107, 6.95100508400003 ], [ 122.150212869000029, 6.906473965000032 ], [ 122.11284617900003, 6.889040597000076 ], [ 122.025861960000043, 6.91993543600006 ], [ 121.977678976000107, 6.952209525000058 ], [ 121.948237610000092, 6.955820808000055 ], [ 121.923204276000092, 6.988410138000063 ], [ 121.897535400000038, 7.078916460000073 ], [ 121.901600056, 7.144346197000061 ], [ 121.923161127000071, 7.188332252000066 ], [ 121.97209422800006, 7.246874 ], [ 122.013639067000099, 7.276656213000024 ], [ 122.060016415000064, 7.287713665000069 ], [ 122.036769268000057, 7.327557870000021 ], [ 122.075280801000076, 7.488954669000066 ], [ 122.13988460600001, 7.563155449000021 ], [ 122.105509276000021, 7.596114469000042 ], [ 122.135447642000031, 7.643957341000032 ], [ 122.116594441000075, 7.722536439000066 ], [ 122.089061217000108, 7.743519110000022 ], [ 122.170847603000084, 7.868975287000069 ], [ 122.204822388000025, 7.884235237000041 ], [ 122.232712688000106, 7.926188113000023 ], [ 122.225718984000082, 7.959679701000027 ], [ 122.268533571000034, 7.997790891000022 ], [ 122.358892022000077, 8.042734716000041 ], [ 122.464855310000075, 8.072895650000021 ], [ 122.510801233000052, 8.065360763000058 ], [ 122.566583302000026, 8.077879935000055 ], [ 122.62953613600007, 8.113503538000032 ], [ 122.662946847000057, 8.162218669000026 ], [ 122.685579520000033, 8.121206762000043 ], [ 122.731515731000059, 8.111784717000035 ], [ 122.807080534000079, 8.119366343000024 ], [ 122.866486132000091, 8.141446274000032 ], [ 122.908107935000089, 8.144221643000037 ], [ 122.989649103000033, 8.20158273100003 ], [ 122.994399427000076, 8.250577006000071 ], [ 122.948104840000042, 8.281644558000039 ], [ 122.989914539000097, 8.349981633000027 ], [ 122.978002099000037, 8.400352689000044 ], [ 123.019688698000095, 8.447722083000031 ], [ 123.059860599000103, 8.513994870000033 ], [ 123.198863992000042, 8.532202203000054 ], [ 123.276393879000011, 8.512255602000039 ], [ 123.324035085000105, 8.54997744800005 ], [ 123.356609254000091, 8.637985853000032 ], [ 123.392917634000014, 8.62683107600003 ], [ 123.420162989000119, 8.663371614000027 ], [ 123.380837192000058, 8.704760972000031 ], [ 123.435970026000064, 8.715712408000059 ], [ 123.474697513000024, 8.681471755000075 ], [ 123.48965376700005, 8.640590786000075 ], [ 123.553826723000043, 8.616682562000051 ] ] ], [ [ [ 122.831536856000071, 7.277481727000065 ], [ 122.80528467900001, 7.298111819000042 ], [ 122.788352315000111, 7.345234335000043 ], [ 122.80672172900006, 7.427714050000077 ], [ 122.859697343000107, 7.412575563000075 ], [ 122.930019677000018, 7.427917892000039 ], [ 122.970345137000095, 7.371224651000034 ], [ 122.922198101000049, 7.361291354000059 ], [ 122.901175365000086, 7.320809050000037 ], [ 122.846829878000108, 7.308370257000036 ], [ 122.831536856000071, 7.277481727000065 ] ] ], [ [ [ 122.200940578000086, 6.919765202000065 ], [ 122.208758730000113, 6.97195006100003 ], [ 122.271220119000077, 7.000157834000049 ], [ 122.28384724600005, 6.974771445000044 ], [ 122.200940578000086, 6.919765202000065 ] ] ], [ [ [ 122.032589305000101, 6.741121540000051 ], [ 122.030621839000105, 6.701449177000029 ], [ 122.051534500000116, 6.667949200000066 ], [ 122.030025648000105, 6.617820360000053 ], [ 122.042892914000049, 6.564819979000049 ], [ 121.93555574200002, 6.570645760000048 ], [ 121.943637691000049, 6.607719422000059 ], [ 121.917299577000108, 6.637460508000061 ], [ 121.917177870000046, 6.674741475000076 ], [ 122.032589305000101, 6.741121540000051 ] ] ] ] } },
{ "type": "Feature", "properties": { "ADM1_EN": "Region X (Northern Mindanao)", "ADM1_PCODE": "PH10", "ADM0_EN": "Philippines (the)", "ADM0_PCODE": "PH", "DATE": "2022-11-09", "VALIDON": "2023-11-06", "VALIDTO": 0, "SHAPE_LENG": 15.0029532618, "SHAPE_AREA": 1.4351148042199999, "ADM1ALT1EN": "Northern Mindanao", "AREA_SQKM": 17489.286659900001, "BIRTH_B": 79551, "BIRTH_M": 41469, "BIRTH_G": 38082, "DEATH_B": 31768, "DEATH_M": 18210, "DEATH_G": 13558, "MARRIAGES": 20992, "POPULATION": 5022768 }, "geometry": { "type": "MultiPolygon", "coordinates": [ [ [ [ 124.69874835600001, 9.256861598000057 ], [ 124.730802778000111, 9.24915360500006 ], [ 124.778888935000055, 9.203107051000075 ], [ 124.806324704000076, 9.122319060000052 ], [ 124.767225494000058, 9.078773625000053 ], [ 124.744510655000113, 9.102719074000049 ], [ 124.674894043000108, 9.12055355900003 ], [ 124.643084519000013, 9.152681581000024 ], [ 124.635308276000046, 9.218181491000053 ], [ 124.69874835600001, 9.256861598000057 ] ] ], [ [ [ 125.379394045000026, 8.003230631000065 ], [ 125.415117667000118, 7.938313313000037 ], [ 125.416235338000092, 7.819379437000066 ], [ 125.440832031000014, 7.743106942000054 ], [ 125.424374876000115, 7.684201312000027 ], [ 125.424562486000013, 7.622786366000071 ], [ 125.353605496000114, 7.623267940000062 ], [ 125.324323674000084, 7.601914351000062 ], [ 125.325902658000018, 7.565047433000075 ], [ 125.265591911000115, 7.564791229000036 ], [ 125.263599833000058, 7.506819022000059 ], [ 125.229413891000036, 7.491877260000024 ], [ 125.164468666000062, 7.509299815000077 ], [ 125.155311066000081, 7.465819585000077 ], [ 125.066953345000115, 7.45118165100007 ], [ 125.053772432000073, 7.411979559000031 ], [ 124.972364166000034, 7.40171975100003 ], [ 124.929823090000014, 7.435701461000065 ], [ 124.894949140000108, 7.41477726100004 ], [ 124.839163923000115, 7.456086250000055 ], [ 124.800955693000105, 7.52153041400004 ], [ 124.826289019000114, 7.541656422000074 ], [ 124.805122581000091, 7.62262835100006 ], [ 124.76354225800003, 7.647100545000058 ], [ 124.711470500000019, 7.75422853300006 ], [ 124.663839028000098, 7.834204876000058 ], [ 124.631776698000067, 7.846372404000022 ], [ 124.618787169000029, 7.887981693000029 ], [ 124.562530662000086, 7.98184142100007 ], [ 124.547479004000024, 8.064921644000037 ], [ 124.52560673000005, 8.108390977000056 ], [ 124.480268817000024, 8.162042287000077 ], [ 124.43501488000004, 8.128414759000066 ], [ 124.37657102300011, 8.158134573000041 ], [ 124.373477894000075, 8.127259307000031 ], [ 124.337708482000039, 8.102475303000062 ], [ 124.331817691000083, 8.073890680000034 ], [ 124.288426392000019, 8.056473836000066 ], [ 124.212340118000043, 8.067705201000024 ], [ 124.194124361000036, 8.021356720000028 ], [ 124.157622770000103, 8.033463527000038 ], [ 124.111350558000026, 8.021062870000037 ], [ 124.101634860000104, 7.96445142400006 ], [ 124.03081920000011, 7.952898652000044 ], [ 123.973689233000073, 7.874036868000076 ], [ 124.023908195000104, 7.828601493000065 ], [ 123.995513059000018, 7.78532208200005 ], [ 124.001624759000038, 7.742659211000046 ], [ 123.959323360000099, 7.724984796000058 ], [ 123.870272911000029, 7.738132882000059 ], [ 123.851180652000039, 7.698731517000056 ], [ 123.77589725100006, 7.71418363500004 ], [ 123.716399001000013, 7.793822040000066 ], [ 123.693033985000056, 7.812347868000074 ], [ 123.624133701000119, 7.830433768000034 ], [ 123.659285142000044, 7.877206733000037 ], [ 123.663546403000055, 7.922497570000075 ], [ 123.649851953000052, 7.959801629000026 ], [ 123.747228129000064, 7.997052645000053 ], [ 123.78099136600008, 8.04376981300004 ], [ 123.849117137, 8.111767395000072 ], [ 123.912018016000047, 8.123310021000066 ], [ 123.931484182000077, 8.153215319000026 ], [ 124.033426701000053, 8.198024198000041 ], [ 124.166376448000051, 8.186633762000042 ], [ 124.231743729000073, 8.219787770000039 ], [ 124.257366085000058, 8.288526343000058 ], [ 124.246434134000083, 8.331747003000032 ], [ 124.282871216000103, 8.396561614000063 ], [ 124.283706543000108, 8.462324231000025 ], [ 124.312257590000058, 8.536184357000025 ], [ 124.385219521000067, 8.592748829000072 ], [ 124.457209336000119, 8.624893131000022 ], [ 124.485808168000062, 8.58747267800004 ], [ 124.566485403000115, 8.540298479000057 ], [ 124.663208480000094, 8.506194964000031 ], [ 124.699604179000062, 8.472190669000042 ], [ 124.743351842000038, 8.494763295000041 ], [ 124.740446678000012, 8.547263084000065 ], [ 124.771537758000022, 8.594958728000051 ], [ 124.742531957000097, 8.650144054000066 ], [ 124.744803318000095, 8.705047719000049 ], [ 124.778401985000073, 8.731994030000067 ], [ 124.763853057, 8.758848570000055 ], [ 124.788223488000085, 8.817777449000062 ], [ 124.78925825500005, 8.881165839000062 ], [ 124.771889666000106, 8.965366043000074 ], [ 124.8015558190001, 8.997137901000031 ], [ 124.867467230000102, 9.007835158000034 ], [ 124.941495043000032, 8.969586464000031 ], [ 125.024432394000087, 8.90138330000002 ], [ 125.078369570000064, 8.82863442300004 ], [ 125.139869675000114, 8.841374854000037 ], [ 125.185272376000057, 8.896002586000066 ], [ 125.18719025900009, 8.950950840000075 ], [ 125.171512199000063, 9.011065247000033 ], [ 125.190030491000016, 9.082751125000073 ], [ 125.207724707000011, 9.09365308100007 ], [ 125.217677468000034, 9.030473781000069 ], [ 125.238139318000094, 8.987511528000027 ], [ 125.221400405000054, 8.921750022000026 ], [ 125.250924954000084, 8.873843862000058 ], [ 125.236213684000063, 8.784649849000061 ], [ 125.240179630000057, 8.668428995000056 ], [ 125.171104216000117, 8.582282192000037 ], [ 125.260606138000071, 8.579006867000032 ], [ 125.247560969000119, 8.478069553000068 ], [ 125.283734333000098, 8.42253622800007 ], [ 125.275080000000116, 8.354652 ], [ 125.339877582000099, 8.284365215000037 ], [ 125.346783305000031, 8.232364682000025 ], [ 125.435157054000115, 8.109198058000061 ], [ 125.379923092000013, 8.042899480000074 ], [ 125.379394045000026, 8.003230631000065 ] ] ], [ [ [ 123.634, 8.020568737000076 ], [ 123.561178912000059, 8.02504065200003 ], [ 123.558075469000073, 8.180193381000038 ], [ 123.561079680000034, 8.345355826000059 ], [ 123.553826723000043, 8.616682562000051 ], [ 123.62108446600007, 8.64838050000003 ], [ 123.686129320000077, 8.641408583000043 ], [ 123.712444137000034, 8.622072743000047 ], [ 123.783460787000081, 8.535465341000076 ], [ 123.781819308000081, 8.507300026000053 ], [ 123.817796651000094, 8.47529103100004 ], [ 123.836194271000068, 8.431295972000044 ], [ 123.849859691, 8.340594121000038 ], [ 123.848866260000023, 8.255254601000047 ], [ 123.868863336000118, 8.171613492000063 ], [ 123.78489137300005, 8.080543299000055 ], [ 123.744916341000021, 8.048417270000073 ], [ 123.692637461000118, 8.047725496000055 ], [ 123.634, 8.020568737000076 ] ] ] ] } },
{ "type": "Feature", "properties": { "ADM1_EN": "Region XI (Davao Region)", "ADM1_PCODE": "PH11", "ADM0_EN": "Philippines (the)", "ADM0_PCODE": "PH", "DATE": "2022-11-09", "VALIDON": "2023-11-06", "VALIDTO": 0, "SHAPE_LENG": 17.9342219089, "SHAPE_AREA": 1.53997149414, "ADM1ALT1EN": "Davao Region", "AREA_SQKM": 18808.877968199999, "BIRTH_B": 73622, "BIRTH_M": 38489, "BIRTH_G": 35133, "DEATH_B": 36312, "DEATH_M": 21155, "DEATH_G": 15157, "MARRIAGES": 22403, "POPULATION": 5243536 }, "geometry": { "type": "MultiPolygon", "coordinates": [ [ [ [ 126.368347504000099, 7.918813413000066 ], [ 126.364296080000031, 7.878249198000049 ], [ 126.384238249000077, 7.828845454000032 ], [ 126.446674384000062, 7.809288704000039 ], [ 126.488523790000045, 7.749952541000027 ], [ 126.557676983000079, 7.718362968000065 ], [ 126.553071126000077, 7.638233220000075 ], [ 126.559552804000077, 7.577617847000056 ], [ 126.59849813400001, 7.507820792000075 ], [ 126.59472396700005, 7.448869468000055 ], [ 126.55763854700001, 7.44658670900003 ], [ 126.551439292000055, 7.314989901000047 ], [ 126.598774455000012, 7.270336419000046 ], [ 126.533865384000023, 7.206263027000034 ], [ 126.530204232000074, 7.148401114000023 ], [ 126.484163992000049, 7.114489955000067 ], [ 126.455177787000025, 7.060106697000037 ], [ 126.446169716000099, 7.01532088600004 ], [ 126.395712011000114, 6.991226700000027 ], [ 126.336604817000079, 7.004884472000072 ], [ 126.313903731000096, 6.973046403000069 ], [ 126.290172709000103, 6.904024326000069 ], [ 126.346572695000077, 6.85412930800004 ], [ 126.33845791400006, 6.798632217000034 ], [ 126.288098978000107, 6.822156808000045 ], [ 126.301004349000095, 6.862788090000038 ], [ 126.269936574000099, 6.91116792300005 ], [ 126.210451535000061, 6.953778710000051 ], [ 126.186603081000044, 6.938958797000055 ], [ 126.167712378000033, 6.886854116000052 ], [ 126.185749031000114, 6.848331759000075 ], [ 126.259277036000071, 6.756330677000051 ], [ 126.220316767000099, 6.633980877000056 ], [ 126.228888082000026, 6.530963055000029 ], [ 126.212642607000021, 6.513795 ], [ 126.225718539000013, 6.436260302000051 ], [ 126.199429837000025, 6.396500662000051 ], [ 126.188610704000098, 6.333341176000033 ], [ 126.141033293000078, 6.388855590000048 ], [ 126.150645359, 6.41912476400006 ], [ 126.101075331000061, 6.483294391000072 ], [ 126.08368159500003, 6.531449433000034 ], [ 126.087679396000112, 6.590970937000066 ], [ 126.069343397000011, 6.650251584000046 ], [ 126.097505831000035, 6.737817301000064 ], [ 126.079337045000102, 6.751908714000024 ], [ 126.077941653000039, 6.851106154000036 ], [ 126.023658920000116, 6.874838374000035 ], [ 125.977004975000114, 6.927888108000047 ], [ 125.988566737000042, 7.001279776000047 ], [ 125.981869208000035, 7.02974630500006 ], [ 125.883885848000091, 7.126444627000069 ], [ 125.892658237000092, 7.165371565000044 ], [ 125.837782662000109, 7.25455086900007 ], [ 125.851779792000116, 7.360986077000064 ], [ 125.811509692000072, 7.365261306000036 ], [ 125.697021255000095, 7.293895333000023 ], [ 125.64773308000008, 7.237239483000053 ], [ 125.662941217000025, 7.121591885000043 ], [ 125.607524609000052, 7.045080675000065 ], [ 125.536343695000028, 7.039341186000058 ], [ 125.489042283000117, 6.984360566000021 ], [ 125.484284466000076, 6.91179117300004 ], [ 125.418428556000094, 6.846591540000077 ], [ 125.390767478000043, 6.802989452000077 ], [ 125.39094663700007, 6.756689004000066 ], [ 125.372766433000038, 6.724317836000068 ], [ 125.383735818000105, 6.678842401000054 ], [ 125.381419295000114, 6.617438030000073 ], [ 125.431406118000041, 6.579953769000042 ], [ 125.470971099000053, 6.592117026000039 ], [ 125.553336047000016, 6.533526847000076 ], [ 125.5892808320001, 6.488884520000056 ], [ 125.582776452000076, 6.438834792000023 ], [ 125.620104421000065, 6.404829689000053 ], [ 125.655585119000079, 6.297396827000057 ], [ 125.698310474000095, 6.220228052000039 ], [ 125.714111827000011, 6.098545865000062 ], [ 125.701689656000099, 6.024004225000056 ], [ 125.660781365000048, 5.92050036400002 ], [ 125.512896086000069, 5.748675381000055 ], [ 125.474152598000046, 5.667702097000074 ], [ 125.410853342000109, 5.572679852000022 ], [ 125.375728977000108, 5.558642001000067 ], [ 125.317031926000027, 5.568640287000051 ], [ 125.331775636000089, 5.606713653000043 ], [ 125.394188358000065, 5.649428832000069 ], [ 125.397014506000119, 5.67960411200005 ], [ 125.483153307000066, 5.837673675000076 ], [ 125.48104653300004, 5.908264889000066 ], [ 125.503641584000093, 5.995895405000056 ], [ 125.538566383000102, 6.070512974000053 ], [ 125.507150024000111, 6.149780337000038 ], [ 125.50458349500002, 6.229850343000066 ], [ 125.47366583400003, 6.295944447000068 ], [ 125.425451144000021, 6.324122651000039 ], [ 125.42445568800008, 6.370407413000066 ], [ 125.403501413000072, 6.418259113000033 ], [ 125.393206071, 6.503467441000055 ], [ 125.364833333000092, 6.524861111000064 ], [ 125.340458333000015, 6.49375 ], [ 125.248674059000109, 6.434868996000034 ], [ 125.200546836000058, 6.461880608000058 ], [ 125.133019455000067, 6.431130764000045 ], [ 125.107700721000015, 6.436109167000041 ], [ 125.097994522000022, 6.498286680000035 ], [ 125.140434746000096, 6.520380430000046 ], [ 125.091804062000051, 6.567451061000043 ], [ 125.046790032000104, 6.668458753000039 ], [ 125.070533546000092, 6.738922535000029 ], [ 125.051656137, 6.766668955000057 ], [ 125.090934578000088, 6.837164446000031 ], [ 125.199374398000032, 6.904489128000023 ], [ 125.259220569000036, 7.029416808000065 ], [ 125.291767107000055, 7.03411257700003 ], [ 125.291630369000018, 7.10567326000006 ], [ 125.228769365000062, 7.175858360000063 ], [ 125.223471842000095, 7.210867900000039 ], [ 125.255211141000018, 7.259347723000076 ], [ 125.231202926000037, 7.356423014000029 ], [ 125.275665770000046, 7.374365237000063 ], [ 125.232504449000089, 7.428194494000024 ], [ 125.229413891000036, 7.491877260000024 ], [ 125.263599833000058, 7.506819022000059 ], [ 125.265591911000115, 7.564791229000036 ], [ 125.325902658000018, 7.565047433000075 ], [ 125.324323674000084, 7.601914351000062 ], [ 125.353605496000114, 7.623267940000062 ], [ 125.424562486000013, 7.622786366000071 ], [ 125.424374876000115, 7.684201312000027 ], [ 125.440832031000014, 7.743106942000054 ], [ 125.416235338000092, 7.819379437000066 ], [ 125.415117667000118, 7.938313313000037 ], [ 125.379394045000026, 8.003230631000065 ], [ 125.752540041000088, 7.998480444000052 ], [ 125.775587460000111, 7.951921175000052 ], [ 125.805687642000066, 7.970124052000074 ], [ 125.851492266000037, 7.967149726000059 ], [ 125.900866082000107, 7.930862946000047 ], [ 125.911491, 7.999984 ], [ 125.980042010000034, 7.998677944000065 ], [ 126.004896981000115, 7.94774129700005 ], [ 126.044896981000079, 7.932641297000032 ], [ 126.14326147700001, 7.994951053000023 ], [ 126.168432046000021, 7.981062429000076 ], [ 126.227790551000112, 8.000190630000077 ], [ 126.351580643000034, 8.002065937000054 ], [ 126.351246411000034, 7.933008011000027 ], [ 126.368347504000099, 7.918813413000066 ] ] ], [ [ [ 125.764985529000114, 6.892525891000048 ], [ 125.722762186000068, 6.964787366000053 ], [ 125.712508627000034, 7.069018008000057 ], [ 125.672312178000084, 7.070758029000046 ], [ 125.663503147000029, 7.107207183000071 ], [ 125.686639566000053, 7.136330145000045 ], [ 125.693133278000118, 7.183835284000054 ], [ 125.757680960000016, 7.165388940000071 ], [ 125.797896226000034, 7.114306319000036 ], [ 125.775605092000092, 7.033305506000033 ], [ 125.792586884000116, 6.936964027000045 ], [ 125.764985529000114, 6.892525891000048 ] ] ], [ [ [ 125.712441082000055, 6.897945551000021 ], [ 125.668618773000048, 6.949085142000058 ], [ 125.704449894000049, 6.95947960500007 ], [ 125.724590893000027, 6.922144847000027 ], [ 125.712441082000055, 6.897945551000021 ] ] ], [ [ [ 125.332963026000016, 5.386859765000054 ], [ 125.36954804100003, 5.429019107000045 ], [ 125.407242311000118, 5.431892082000047 ], [ 125.426101507000112, 5.37433664200006 ], [ 125.373783527000114, 5.366800480000052 ], [ 125.332963026000016, 5.386859765000054 ] ] ] ] } },
{ "type": "Feature", "properties": { "ADM1_EN": "Region XII (Soccsksargen)", "ADM1_PCODE": "PH12", "ADM0_EN": "Philippines (the)", "ADM0_PCODE": "PH", "DATE": "2022-11-09", "VALIDON": "2023-11-06", "VALIDTO": 0, "SHAPE_LENG": 14.402256018799999, "SHAPE_AREA": 1.4195821181899999, "ADM1ALT1EN": "Soccsksargen", "AREA_SQKM": 17361.053872199998, "BIRTH_B": 69223, "BIRTH_M": 36090, "BIRTH_G": 33133, "DEATH_B": 26496, "DEATH_M": 15660, "DEATH_G": 10836, "MARRIAGES": 16494, "POPULATION": 4901486 }, "geometry": { "type": "MultiPolygon", "coordinates": [ [ [ [ 124.800955693000105, 7.52153041400004 ], [ 124.839163923000115, 7.456086250000055 ], [ 124.894949140000108, 7.41477726100004 ], [ 124.929823090000014, 7.435701461000065 ], [ 124.972364166000034, 7.40171975100003 ], [ 125.053772432000073, 7.411979559000031 ], [ 125.066953345000115, 7.45118165100007 ], [ 125.155311066000081, 7.465819585000077 ], [ 125.164468666000062, 7.509299815000077 ], [ 125.229413891000036, 7.491877260000024 ], [ 125.232504449000089, 7.428194494000024 ], [ 125.275665770000046, 7.374365237000063 ], [ 125.231202926000037, 7.356423014000029 ], [ 125.255211141000018, 7.259347723000076 ], [ 125.223471842000095, 7.210867900000039 ], [ 125.228769365000062, 7.175858360000063 ], [ 125.291630369000018, 7.10567326000006 ], [ 125.291767107000055, 7.03411257700003 ], [ 125.259220569000036, 7.029416808000065 ], [ 125.199374398000032, 6.904489128000023 ], [ 125.090934578000088, 6.837164446000031 ], [ 125.051656137, 6.766668955000057 ], [ 125.070533546000092, 6.738922535000029 ], [ 125.046790032000104, 6.668458753000039 ], [ 125.091804062000051, 6.567451061000043 ], [ 125.140434746000096, 6.520380430000046 ], [ 125.097994522000022, 6.498286680000035 ], [ 125.107700721000015, 6.436109167000041 ], [ 125.133019455000067, 6.431130764000045 ], [ 125.200546836000058, 6.461880608000058 ], [ 125.248674059000109, 6.434868996000034 ], [ 125.340458333000015, 6.49375 ], [ 125.364833333000092, 6.524861111000064 ], [ 125.393206071, 6.503467441000055 ], [ 125.403501413000072, 6.418259113000033 ], [ 125.42445568800008, 6.370407413000066 ], [ 125.425451144000021, 6.324122651000039 ], [ 125.47366583400003, 6.295944447000068 ], [ 125.50458349500002, 6.229850343000066 ], [ 125.507150024000111, 6.149780337000038 ], [ 125.538566383000102, 6.070512974000053 ], [ 125.503641584000093, 5.995895405000056 ], [ 125.48104653300004, 5.908264889000066 ], [ 125.483153307000066, 5.837673675000076 ], [ 125.397014506000119, 5.67960411200005 ], [ 125.394188358000065, 5.649428832000069 ], [ 125.331775636000089, 5.606713653000043 ], [ 125.317031926000027, 5.568640287000051 ], [ 125.292492275000086, 5.595457164000038 ], [ 125.308395485000119, 5.63411394700006 ], [ 125.277923879000014, 5.705713247000062 ], [ 125.246026172000029, 5.711262547000047 ], [ 125.222555570000054, 5.757621583000059 ], [ 125.174617648000094, 5.797777429000064 ], [ 125.21931607700003, 5.856980882000073 ], [ 125.222203019000062, 5.891822793000074 ], [ 125.2590085920001, 5.91922213600003 ], [ 125.291984803000105, 5.982389793000038 ], [ 125.271556326000109, 6.083907102000069 ], [ 125.170109442000012, 6.106297129000041 ], [ 125.140709771000047, 6.019418408000035 ], [ 125.098809201000108, 5.951999303000036 ], [ 125.096892700000012, 5.911723151000047 ], [ 125.071341470000107, 5.857381504000045 ], [ 125.036985794000088, 5.851049595000063 ], [ 124.923771065000096, 5.860094512000046 ], [ 124.823177438000016, 5.889556564000031 ], [ 124.80250439800011, 5.907764460000067 ], [ 124.732276959000046, 5.931010227000058 ], [ 124.604254514000104, 5.986506385000041 ], [ 124.57830630400008, 6.015129963000049 ], [ 124.520808706000025, 6.022002271000076 ], [ 124.425440341000012, 6.087491588000034 ], [ 124.351312910000047, 6.118647579000026 ], [ 124.323109575000103, 6.114332851000029 ], [ 124.276801311000099, 6.158547043000056 ], [ 124.243769855000096, 6.164205283000058 ], [ 124.184750643000029, 6.210645933000023 ], [ 124.15435349400002, 6.273950247000073 ], [ 124.101213508000114, 6.330210485000066 ], [ 124.081773776000091, 6.383491559000049 ], [ 124.047618141000044, 6.398968457000024 ], [ 124.039303155000084, 6.483754265000073 ], [ 124.021142565000105, 6.52400046200006 ], [ 124.05461363400002, 6.606336272000021 ], [ 124.022351158000106, 6.698965055000031 ], [ 124.033163008000088, 6.741122303000054 ], [ 124.096900356000106, 6.747260983000047 ], [ 124.210141781000061, 6.743249806000051 ], [ 124.247724337000022, 6.756629778000047 ], [ 124.276265514000102, 6.736064673000044 ], [ 124.278953996000041, 6.69617573000005 ], [ 124.413558692000038, 6.727836713000045 ], [ 124.516145742000049, 6.727932620000047 ], [ 124.509314526000026, 6.772891965000042 ], [ 124.578335602000038, 6.783005277000029 ], [ 124.580289271000083, 6.850143099000036 ], [ 124.633727085000032, 6.887706705000028 ], [ 124.666805788000033, 6.86907534900007 ], [ 124.690651903000116, 6.804071660000034 ], [ 124.717085278000013, 6.810847400000057 ], [ 124.743255131000069, 6.747772360000056 ], [ 124.77008903, 6.727039460000071 ], [ 124.787095706000059, 6.67697144300007 ], [ 124.778923101000032, 6.623288442000046 ], [ 124.863022037000064, 6.608629873000041 ], [ 124.886808143000053, 6.677562946000023 ], [ 124.969185031000052, 6.709965978000071 ], [ 124.946232891000022, 6.757353504000037 ], [ 124.952685495000082, 6.78459732500005 ], [ 124.88884483400011, 6.796141742000032 ], [ 124.822496126000033, 6.794133661000046 ], [ 124.80548632600005, 6.841646872000069 ], [ 124.803472154000019, 6.948885853000036 ], [ 124.823832639000102, 6.949087778000035 ], [ 124.825211978000084, 7.062747508000029 ], [ 124.771988632000102, 7.075949368000067 ], [ 124.797466431000089, 7.133542762000047 ], [ 124.784454465000067, 7.202298681000059 ], [ 124.726378434000026, 7.222770511000022 ], [ 124.717927219000103, 7.253321087000074 ], [ 124.667561011000089, 7.235391182000058 ], [ 124.675816311000062, 7.134801803000073 ], [ 124.664567389000013, 7.062823792000074 ], [ 124.637839720000102, 7.034306416000049 ], [ 124.61031446700008, 7.078884297000059 ], [ 124.519451933000028, 7.044227015000047 ], [ 124.537743778000049, 7.088158932000056 ], [ 124.519521331000078, 7.137542698000061 ], [ 124.482092568000098, 7.150595595000027 ], [ 124.467567777000113, 7.228463736000037 ], [ 124.366263437000043, 7.235560970000051 ], [ 124.396020075000024, 7.355388001000051 ], [ 124.447598526000093, 7.365182608000055 ], [ 124.452005120000081, 7.423535557000037 ], [ 124.485289102000024, 7.438605069000062 ], [ 124.490922229000034, 7.505225852000024 ], [ 124.528049197000087, 7.638289207000071 ], [ 124.590365844000075, 7.609324928000035 ], [ 124.740292192000084, 7.591068371000063 ], [ 124.800955693000105, 7.52153041400004 ] ], [ [ 124.884412614000098, 7.311216527000056 ], [ 124.840271798000117, 7.270744900000068 ], [ 124.795946944000093, 7.280700886000034 ], [ 124.763644976000023, 7.270072764000076 ], [ 124.772754830000054, 7.228227808000042 ], [ 124.819727914000055, 7.218369812000049 ], [ 124.813009140000077, 7.150770839000074 ], [ 124.848628157, 7.147523283000055 ], [ 124.860616364000066, 7.240718134000076 ], [ 124.909569446000091, 7.215872876000049 ], [ 124.910479715000065, 7.303419765000058 ], [ 124.884412614000098, 7.311216527000056 ] ] ], [ [ [ 124.56662752200009, 7.051214263000077 ], [ 124.613748564000048, 7.036584363000031 ], [ 124.609476188000031, 6.994183876000022 ], [ 124.576023878000115, 6.993941117000077 ], [ 124.56662752200009, 7.051214263000077 ] ] ] ] } },
{ "type": "Feature", "properties": { "ADM1_EN": "National Capital Region (NCR)", "ADM1_PCODE": "PH13", "ADM0_EN": "Philippines (the)", "ADM0_PCODE": "PH", "DATE": "2022-11-09", "VALIDON": "2023-11-06", "VALIDTO": 0, "SHAPE_LENG": 2.3035839685699999, "SHAPE_AREA": 0.05020720553, "ADM1ALT1EN": "NCR", "AREA_SQKM": 598.53957303300001, "BIRTH_B": 164002, "BIRTH_M": 85349, "BIRTH_G": 78653, "DEATH_B": 82410, "DEATH_M": 45649, "DEATH_G": 36761, "MARRIAGES": 51892, "POPULATION": 13484462 }, "geometry": { "type": "MultiPolygon", "coordinates": [ [ [ [ 121.099506539000117, 14.76920958900007 ], [ 121.124617789000013, 14.708744602000024 ], [ 121.0968965510001, 14.569254547000071 ], [ 121.102104408000059, 14.524414682000042 ], [ 121.06932934800011, 14.506686393000052 ], [ 121.053380288000085, 14.454051363000076 ], [ 121.057384502000104, 14.37863958500003 ], [ 121.011611169000048, 14.380260945000032 ], [ 120.969930450000106, 14.475450371000022 ], [ 120.981459229000052, 14.488275957000042 ], [ 120.979420240000081, 14.575287630000048 ], [ 120.947925727000097, 14.652425767000068 ], [ 120.906473611000024, 14.700914682000075 ], [ 120.925961465000114, 14.734299748000069 ], [ 120.978522811000062, 14.734806719000062 ], [ 121.027968895000072, 14.781271736000065 ], [ 121.099506539000117, 14.76920958900007 ] ] ] ] } },
{ "type": "Feature", "properties": { "ADM1_EN": "Cordillera Administrative Region (CAR)", "ADM1_PCODE": "PH14", "ADM0_EN": "Philippines (the)", "ADM0_PCODE": "PH", "DATE": "2022-11-09", "VALIDON": "2023-11-06", "VALIDTO": 0, "SHAPE_LENG": 8.0274543624699994, "SHAPE_AREA": 1.54671209831, "ADM1ALT1EN": "CAR", "AREA_SQKM": 18192.6440516, "BIRTH_B": 25447, "BIRTH_M": 13335, "BIRTH_G": 12112, "DEATH_B": 10092, "DEATH_M": 5778, "DEATH_G": 4314, "MARRIAGES": 8539, "POPULATION": 1797660 }, "geometry": { "type": "MultiPolygon", "coordinates": [ [ [ [ 120.768965908000041, 16.198033657000053 ], [ 120.628418151, 16.18062420900003 ], [ 120.520202945000051, 16.233441361000075 ], [ 120.494724172000019, 16.347753779000072 ], [ 120.469037159000095, 16.379756875000055 ], [ 120.467346390000102, 16.502706239000076 ], [ 120.512631362000093, 16.550257849000047 ], [ 120.517856678000044, 16.594691728000043 ], [ 120.574522211000044, 16.671264867000048 ], [ 120.589617441000087, 16.747182695000049 ], [ 120.586016132000054, 16.836661373000027 ], [ 120.669563, 16.911981 ], [ 120.785273853000035, 16.921335007000039 ], [ 120.780091127000105, 17.01648827300005 ], [ 120.767612847, 17.066790583000056 ], [ 120.77482395200002, 17.108020993000025 ], [ 120.812355205000017, 17.155871674000025 ], [ 120.751333295000109, 17.155256325000039 ], [ 120.681446762000064, 17.186621509000076 ], [ 120.678400995000061, 17.256838869000035 ], [ 120.611949292000077, 17.302219217000072 ], [ 120.5667598550001, 17.307159984000066 ], [ 120.537813638000102, 17.356986044000053 ], [ 120.577860015000056, 17.43001281100004 ], [ 120.565490741000076, 17.50175551600006 ], [ 120.474415934000035, 17.484247811000046 ], [ 120.468167177000055, 17.514727060000041 ], [ 120.489645972000062, 17.553233664000061 ], [ 120.497818324000036, 17.625130266000042 ], [ 120.516385056000104, 17.649240339000073 ], [ 120.542743836000113, 17.735323652000034 ], [ 120.573958351000101, 17.789241161000064 ], [ 120.602225506000082, 17.809284779000052 ], [ 120.690868688000023, 17.834579642000051 ], [ 120.728249147000042, 17.892507978000026 ], [ 120.783752282000023, 17.911236471000052 ], [ 120.850204681000037, 17.962860961000047 ], [ 120.920395602000099, 17.956264822000037 ], [ 120.946945971000105, 17.997094376000064 ], [ 120.9277503080001, 18.020743286000027 ], [ 120.928141304000064, 18.088193385000068 ], [ 120.97006946800002, 18.181863920000069 ], [ 120.926764055000035, 18.241938255000036 ], [ 120.916666361000011, 18.284560256000077 ], [ 120.948363266000115, 18.381693430000041 ], [ 120.958673098000077, 18.463202412000044 ], [ 121.002873797, 18.466105643000049 ], [ 121.061365389000116, 18.539197991000037 ], [ 121.156003384000087, 18.54377499800006 ], [ 121.167863700000112, 18.521977657000036 ], [ 121.22208115400008, 18.500580942000056 ], [ 121.226541396000016, 18.436471329000028 ], [ 121.285557010000048, 18.388537952000036 ], [ 121.3186229800001, 18.38715477900007 ], [ 121.402382743000089, 18.340896047000058 ], [ 121.464626964000104, 18.284910661000026 ], [ 121.489483607000011, 18.238844983000035 ], [ 121.481891984000072, 18.144383671000071 ], [ 121.468931816, 18.12564935000006 ], [ 121.460359096000047, 18.04941033700004 ], [ 121.427838, 18.035335404000023 ], [ 121.36446941600002, 18.061619119000056 ], [ 121.315118209000048, 17.970783156000039 ], [ 121.357452119000072, 17.922368543000061 ], [ 121.32413865500007, 17.847130672000048 ], [ 121.321554352000021, 17.804230816000029 ], [ 121.388297315000045, 17.793630291000056 ], [ 121.428253291000033, 17.729608221000035 ], [ 121.436756047000017, 17.671347725000032 ], [ 121.485123663000081, 17.647321689000023 ], [ 121.496614159000046, 17.59104271800004 ], [ 121.546723013000019, 17.580621351000048 ], [ 121.625972931000092, 17.528587955000035 ], [ 121.647230678000028, 17.500483730000042 ], [ 121.627934809000067, 17.431389672000023 ], [ 121.606080692000091, 17.421432186000061 ], [ 121.582194548000075, 17.353559068000038 ], [ 121.538700115000097, 17.317268562000038 ], [ 121.549134680000066, 17.196523808000052 ], [ 121.561398005000115, 17.183361080000054 ], [ 121.571490821000111, 17.040943460000051 ], [ 121.560716872000057, 17.009457810000072 ], [ 121.568222435000052, 16.909511535000036 ], [ 121.521322340000097, 16.838934767000069 ], [ 121.419519451000042, 16.817469334000066 ], [ 121.331746610000096, 16.764860861000045 ], [ 121.315412599000069, 16.701307632000066 ], [ 121.259289483000089, 16.651784470000052 ], [ 121.196900267000046, 16.639026568000077 ], [ 121.135497763000103, 16.644747052000071 ], [ 121.035703052000031, 16.610006107000061 ], [ 120.983716533, 16.569470823000074 ], [ 120.90440899500004, 16.595359904000077 ], [ 120.883206335000068, 16.50539150700007 ], [ 120.889427, 16.436073 ], [ 120.845522981000045, 16.319500078000033 ], [ 120.80005260900009, 16.304845744000033 ], [ 120.768965908000041, 16.198033657000053 ] ] ] ] } },
{ "type": "Feature", "properties": { "ADM1_EN": "Region XIII (Caraga)", "ADM1_PCODE": "PH16", "ADM0_EN": "Philippines (the)", "ADM0_PCODE": "PH", "DATE": "2022-11-09", "VALIDON": "2023-11-06", "VALIDTO": 0, "SHAPE_LENG": 28.166743140499999, "SHAPE_AREA": 1.54082032596, "ADM1ALT1EN": "Caraga", "AREA_SQKM": 18747.165762199998, "BIRTH_B": 38474, "BIRTH_M": 20104, "BIRTH_G": 18370, "DEATH_B": 18358, "DEATH_M": 10439, "DEATH_G": 7919, "MARRIAGES": 10192, "POPULATION": 2804788 }, "geometry": { "type": "MultiPolygon", "coordinates": [ [ [ [ 125.933671267000022, 9.760426891000066 ], [ 125.970497323000018, 9.729323213000043 ], [ 125.985885834000101, 9.640826025000024 ], [ 125.965292340000019, 9.615343261000021 ], [ 125.96290254500002, 9.567885311000055 ], [ 125.91297239000005, 9.583087488000047 ], [ 125.896850079000046, 9.616528002000052 ], [ 125.927076383000099, 9.654223936000051 ], [ 125.9152761900001, 9.756585038000026 ], [ 125.933671267000022, 9.760426891000066 ] ] ], [ [ [ 126.368347504000099, 7.918813413000066 ], [ 126.351246411000034, 7.933008011000027 ], [ 126.351580643000034, 8.002065937000054 ], [ 126.227790551000112, 8.000190630000077 ], [ 126.168432046000021, 7.981062429000076 ], [ 126.14326147700001, 7.994951053000023 ], [ 126.044896981000079, 7.932641297000032 ], [ 126.004896981000115, 7.94774129700005 ], [ 125.980042010000034, 7.998677944000065 ], [ 125.911491, 7.999984 ], [ 125.900866082000107, 7.930862946000047 ], [ 125.851492266000037, 7.967149726000059 ], [ 125.805687642000066, 7.970124052000074 ], [ 125.775587460000111, 7.951921175000052 ], [ 125.752540041000088, 7.998480444000052 ], [ 125.379394045000026, 8.003230631000065 ], [ 125.379923092000013, 8.042899480000074 ], [ 125.435157054000115, 8.109198058000061 ], [ 125.346783305000031, 8.232364682000025 ], [ 125.339877582000099, 8.284365215000037 ], [ 125.275080000000116, 8.354652 ], [ 125.283734333000098, 8.42253622800007 ], [ 125.247560969000119, 8.478069553000068 ], [ 125.260606138000071, 8.579006867000032 ], [ 125.171104216000117, 8.582282192000037 ], [ 125.240179630000057, 8.668428995000056 ], [ 125.236213684000063, 8.784649849000061 ], [ 125.250924954000084, 8.873843862000058 ], [ 125.221400405000054, 8.921750022000026 ], [ 125.238139318000094, 8.987511528000027 ], [ 125.217677468000034, 9.030473781000069 ], [ 125.207724707000011, 9.09365308100007 ], [ 125.236838068000111, 9.031212351000022 ], [ 125.2787188530001, 8.993020672000057 ], [ 125.429817703000026, 8.975898016000031 ], [ 125.503185639000094, 9.010501992000059 ], [ 125.535955534000095, 9.07850006700005 ], [ 125.52254059400002, 9.119630142000062 ], [ 125.528681357000096, 9.179242346000024 ], [ 125.505110067000032, 9.244153610000069 ], [ 125.509112883000057, 9.270294852000063 ], [ 125.482658341000047, 9.353040664000048 ], [ 125.469940190000102, 9.361103569000022 ], [ 125.447716375000027, 9.474242312000058 ], [ 125.408768086, 9.585737762000065 ], [ 125.391616751000015, 9.657083012000044 ], [ 125.402256876000024, 9.769116199000052 ], [ 125.440069266000023, 9.795624873000065 ], [ 125.54967685500003, 9.768499772000041 ], [ 125.594594212000061, 9.740529969000022 ], [ 125.597677070000032, 9.660568604000048 ], [ 125.644799420000027, 9.607502422000039 ], [ 125.736089986000025, 9.583215001000042 ], [ 125.860852664000049, 9.534326069000031 ], [ 125.88758603000008, 9.491620530000034 ], [ 125.917152786000088, 9.496015815000021 ], [ 125.930852243000118, 9.456551080000054 ], [ 125.894386325000028, 9.41359082300005 ], [ 125.972669958000097, 9.35482517500003 ], [ 125.995944635000114, 9.30154357300006 ], [ 126.056607073, 9.233157799000026 ], [ 126.137230319000082, 9.270253824000065 ], [ 126.169936685000039, 9.309302893000051 ], [ 126.19703345500011, 9.271847089000062 ], [ 126.181056462000015, 9.243395920000069 ], [ 126.178636258000097, 9.165525415000047 ], [ 126.157984739000085, 9.10508573200002 ], [ 126.195549354000036, 9.081616952000047 ], [ 126.217182988000104, 9.042277955000031 ], [ 126.306663343000082, 8.956143706000034 ], [ 126.334147536000046, 8.840108694000037 ], [ 126.290814007000108, 8.773592643000029 ], [ 126.254568854000013, 8.773354425000036 ], [ 126.218154864000098, 8.739511457000049 ], [ 126.213124087000097, 8.691465252000057 ], [ 126.137721471000077, 8.671715129000063 ], [ 126.095676149000042, 8.642161533000035 ], [ 126.083210869000027, 8.609678001000077 ], [ 126.125159605000022, 8.582516653000027 ], [ 126.123011009000038, 8.542569069000024 ], [ 126.193017208000015, 8.526666205000026 ], [ 126.211333534000119, 8.557393426000033 ], [ 126.259241901000109, 8.551523288000055 ], [ 126.289042782000024, 8.529440495000074 ], [ 126.363673202000086, 8.537678776000064 ], [ 126.388250975000119, 8.512406566000038 ], [ 126.391720869000096, 8.467339074000051 ], [ 126.370105298000112, 8.391722444000038 ], [ 126.318741311000053, 8.35226577100002 ], [ 126.330496563000111, 8.31373673500002 ], [ 126.382960167000078, 8.29242130800003 ], [ 126.317151817000081, 8.223204985000052 ], [ 126.340831110000067, 8.183835214000055 ], [ 126.377077134000046, 8.195595748000073 ], [ 126.432507669000074, 8.235737746000041 ], [ 126.444326087000036, 8.16544320600002 ], [ 126.441480625000054, 8.095238575000053 ], [ 126.407208019000109, 8.002751257000057 ], [ 126.423148513000115, 7.979269085000055 ], [ 126.386075370000071, 7.954048035000028 ], [ 126.368347504000099, 7.918813413000066 ] ] ], [ [ [ 125.642047252000111, 9.916072799000062 ], [ 125.65328243700003, 9.826242130000026 ], [ 125.586177340000063, 9.81125439300007 ], [ 125.602411048000022, 9.881145218000029 ], [ 125.642047252000111, 9.916072799000062 ] ] ], [ [ [ 126.07071634700003, 10.056174662000046 ], [ 126.120615969000028, 9.878558719000068 ], [ 126.163629726000067, 9.786971867000034 ], [ 126.113113285000054, 9.747588424000071 ], [ 126.0171723200001, 9.753978619000065 ], [ 125.952064391000022, 9.847666450000077 ], [ 125.973303577000024, 9.923113884000031 ], [ 126.021346535000021, 9.975973198000077 ], [ 126.029442361000065, 10.027839631000063 ], [ 126.07071634700003, 10.056174662000046 ] ] ], [ [ [ 125.642364968000038, 10.471592963000035 ], [ 125.676977081000018, 10.395211271000051 ], [ 125.647300395000116, 10.306486660000076 ], [ 125.663214587000084, 10.154010808000066 ], [ 125.695234587000073, 10.047548144000075 ], [ 125.658384970000043, 9.951259023000034 ], [ 125.706772181000019, 9.898652139000035 ], [ 125.701003556000046, 9.86685026400005 ], [ 125.66028, 9.8525 ], [ 125.64259, 9.882170001000077 ], [ 125.645603497000025, 9.930891682000038 ], [ 125.602174062000017, 9.965467646000036 ], [ 125.568624854000063, 10.018106197000066 ], [ 125.583197612000049, 10.050333925000075 ], [ 125.539257955000039, 10.081084211000075 ], [ 125.510474835000082, 10.062174321000043 ], [ 125.481053180000117, 10.104152954000028 ], [ 125.521143681000012, 10.24574264000006 ], [ 125.519581106000032, 10.324105334000024 ], [ 125.551635875000102, 10.320284294000032 ], [ 125.604919272000075, 10.379834500000072 ], [ 125.608801914000082, 10.432262783000056 ], [ 125.642364968000038, 10.471592963000035 ] ] ] ] } },
{ "type": "Feature", "properties": { "ADM1_EN": "Mimaropa Region", "ADM1_PCODE": "PH17", "ADM0_EN": "Philippines (the)", "ADM0_PCODE": "PH", "DATE": "2022-11-09", "VALIDON": "2023-11-06", "VALIDTO": 0, "SHAPE_LENG": 78.795329606300001, "SHAPE_AREA": 2.2203743969500001, "ADM1ALT1EN": null, "AREA_SQKM": 26797.817618500001, "BIRTH_B": 43467, "BIRTH_M": 22667, "BIRTH_G": 20800, "DEATH_B": 19233, "DEATH_M": 11109, "DEATH_G": 8124, "MARRIAGES": 13313, "POPULATION": 3228558 }, "geometry": { "type": "MultiPolygon", "coordinates": [ [ [ [ 120.268870199000048, 13.670427757000027 ], [ 120.253919115000031, 13.702342792000024 ], [ 120.156171983000036, 13.746355252000058 ], [ 120.099564249000082, 13.785622679000028 ], [ 120.090214367000044, 13.864584576000027 ], [ 120.132508283000107, 13.857781291000038 ], [ 120.163726926000095, 13.830203531000052 ], [ 120.223286282000117, 13.820672090000073 ], [ 120.263740104000021, 13.777289721000045 ], [ 120.253053815000044, 13.716661677000047 ], [ 120.268870199000048, 13.670427757000027 ] ] ], [ [ [ 120.305057694000084, 13.832022729000073 ], [ 120.335198812000044, 13.806161148000058 ], [ 120.310226251000017, 13.775112397000044 ], [ 120.274233485000082, 13.806408271000066 ], [ 120.305057694000084, 13.832022729000073 ] ] ], [ [ [ 122.025638834, 13.198950266000054 ], [ 121.98242081, 13.207542885000066 ], [ 121.950434916000063, 13.249266621000061 ], [ 121.861825173000057, 13.290177333000031 ], [ 121.821917616000064, 13.342776522000065 ], [ 121.825208132000057, 13.400753111000029 ], [ 121.81098010900007, 13.446825840000031 ], [ 121.850735613000097, 13.518809131000069 ], [ 121.866508698000075, 13.570692178000058 ], [ 121.918349426000077, 13.525369456000021 ], [ 121.935006862000023, 13.54279518900006 ], [ 121.979035760000102, 13.520964863000074 ], [ 122.008856315000116, 13.549470877000033 ], [ 122.048451084000021, 13.512078704000032 ], [ 122.107857016000025, 13.476889477000043 ], [ 122.128105442000106, 13.362364979000063 ], [ 122.120348265000075, 13.339298628000051 ], [ 122.068549440000083, 13.30601880200004 ], [ 122.042969077000066, 13.217362055000024 ], [ 122.025638834, 13.198950266000054 ] ] ], [ [ [ 121.073734970000032, 12.33573898800006 ], [ 121.041471701000091, 12.359665072000041 ], [ 121.007452529000034, 12.411373962000027 ], [ 120.980106393000028, 12.423448437000047 ], [ 120.919566219000103, 12.532348773000024 ], [ 120.938549474000069, 12.580825373000039 ], [ 120.90146461900008, 12.656961366000075 ], [ 120.836557685000116, 12.727594016000069 ], [ 120.788990650000073, 12.734430004000046 ], [ 120.779621542000086, 12.917398886000058 ], [ 120.760675128000116, 13.002569031000064 ], [ 120.677385593000054, 13.151344281000036 ], [ 120.647905007000077, 13.191938336000021 ], [ 120.593696277000049, 13.221072173000039 ], [ 120.545179865000023, 13.230839737000053 ], [ 120.523186502000044, 13.266436541000076 ], [ 120.482072395000046, 13.293314112000076 ], [ 120.486409648000063, 13.320106725000073 ], [ 120.466413392000049, 13.379206900000042 ], [ 120.435687315000109, 13.42713589300007 ], [ 120.345083115000079, 13.382094476000077 ], [ 120.299175990000094, 13.445166755000059 ], [ 120.34544126500009, 13.505214643000045 ], [ 120.413268320000043, 13.530840255000044 ], [ 120.478220407000094, 13.503861353000048 ], [ 120.560435217000077, 13.508323020000034 ], [ 120.614195222000035, 13.48910294500007 ], [ 120.672479069000019, 13.491943779000053 ], [ 120.762707500000033, 13.464652527000055 ], [ 120.925629960000037, 13.512368470000069 ], [ 120.951381029000117, 13.502527110000074 ], [ 121.03652270300006, 13.418454498000074 ], [ 121.062715749000063, 13.403941213000053 ], [ 121.193551460000094, 13.423536272000035 ], [ 121.252924197000084, 13.372678608000058 ], [ 121.304271890000109, 13.343813746000023 ], [ 121.395066007000082, 13.237064050000072 ], [ 121.444491540000058, 13.214681650000045 ], [ 121.439080126000022, 13.149932461000049 ], [ 121.535457816000076, 13.139913221000029 ], [ 121.558333755000035, 13.09583275600005 ], [ 121.505073148000065, 13.054728030000035 ], [ 121.486068232000093, 12.998690951000071 ], [ 121.498342816000104, 12.939006966000022 ], [ 121.483022600000027, 12.90474150700004 ], [ 121.494520138000098, 12.848849236000035 ], [ 121.475935907, 12.774380036000025 ], [ 121.54813032800007, 12.670595912000067 ], [ 121.55695189700009, 12.604407211000023 ], [ 121.531162269000106, 12.59528798100007 ], [ 121.508084588000088, 12.551439806000076 ], [ 121.443150230000015, 12.521801367000023 ], [ 121.439855481000109, 12.481580213000029 ], [ 121.409662514000047, 12.444514043000027 ], [ 121.41347500300003, 12.367208874000028 ], [ 121.384076678000042, 12.362531779000051 ], [ 121.38600064100001, 12.318535017000045 ], [ 121.345160885000041, 12.325955426000064 ], [ 121.331937301000039, 12.294139467000036 ], [ 121.279047209000055, 12.287470806000044 ], [ 121.262946141000043, 12.238838823000037 ], [ 121.228250934000016, 12.227201342000058 ], [ 121.1894971480001, 12.244013404000043 ], [ 121.11416599100005, 12.244523963000063 ], [ 121.093203340000059, 12.28893985600007 ], [ 121.118214709000085, 12.320052118000035 ], [ 121.073734970000032, 12.33573898800006 ] ] ], [ [ [ 122.032915651000053, 12.949088153000048 ], [ 122.098399418000099, 12.957861781000076 ], [ 122.065549108000027, 12.909587133000059 ], [ 122.032915651000053, 12.949088153000048 ] ] ], [ [ [ 122.001619332000018, 12.12586447700005 ], [ 121.969047996000086, 12.155102352000029 ], [ 122.012098872000024, 12.241189658000053 ], [ 121.962861582000073, 12.262942477000024 ], [ 121.922278945000016, 12.318436404000067 ], [ 121.942870167000024, 12.393420939000066 ], [ 121.991749474000017, 12.413214445000051 ], [ 122.016578627000058, 12.494458204000068 ], [ 122.001749262000089, 12.596791549000045 ], [ 122.072098002000075, 12.62103343900003 ], [ 122.128701716000023, 12.663363838000066 ], [ 122.162410769000076, 12.632170901000052 ], [ 122.130857650000053, 12.607239973000048 ], [ 122.138066330000015, 12.536874889000046 ], [ 122.111891140000012, 12.497954015000062 ], [ 122.09777636900003, 12.356581894000044 ], [ 122.042157896000049, 12.221640702000059 ], [ 122.052403009000045, 12.196608301000026 ], [ 122.001619332000018, 12.12586447700005 ] ] ], [ [ [ 122.281728638000118, 12.623670651000054 ], [ 122.326723299000037, 12.50345956700005 ], [ 122.302299852000033, 12.478061281000066 ], [ 122.271189329000094, 12.490980347000061 ], [ 122.261685476000025, 12.543165208000062 ], [ 122.281728638000118, 12.623670651000054 ] ] ], [ [ [ 122.5444625, 12.505637922000062 ], [ 122.654680454000072, 12.483956369000055 ], [ 122.698312978000104, 12.398148773000059 ], [ 122.669897347000074, 12.310137503000021 ], [ 122.634060477000048, 12.28369716800006 ], [ 122.563743681000119, 12.311459866000064 ], [ 122.526978909000036, 12.370952917000068 ], [ 122.452332778000027, 12.395814121000058 ], [ 122.423309621000044, 12.442802437000068 ], [ 122.456325225000114, 12.482223764000025 ], [ 122.5444625, 12.505637922000062 ] ] ], [ [ [ 120.015518067000016, 12.000373056000058 ], [ 119.977777707000087, 12.009687750000069 ], [ 119.969209674000012, 12.062831030000041 ], [ 119.930635842000015, 12.095196401000067 ], [ 119.93478747000006, 12.121707312000069 ], [ 119.896620719000111, 12.201441058000057 ], [ 119.859623968000051, 12.249894397000048 ], [ 119.878237136000052, 12.265373416000045 ], [ 119.880300765000015, 12.327439257000037 ], [ 119.923462937000068, 12.319622195000022 ], [ 119.948507942000106, 12.265147042000024 ], [ 120.009993760000043, 12.255177644000071 ], [ 120.048173415000065, 12.226660705000029 ], [ 120.061807872000031, 12.191802779000056 ], [ 120.105776554000045, 12.171435981000059 ], [ 120.162120171000083, 12.122399840000071 ], [ 120.207048727000029, 12.154495023000038 ], [ 120.283755183000039, 12.128217824000046 ], [ 120.335894548000056, 12.073636676000035 ], [ 120.324180428000091, 12.031050708000066 ], [ 120.291311169000096, 11.983403834000057 ], [ 120.251642495000056, 12.006602833000045 ], [ 120.227047368000058, 11.990252012000042 ], [ 120.140208571000016, 12.023673349000035 ], [ 120.088029299000027, 11.995421669000052 ], [ 120.015518067000016, 12.000373056000058 ] ] ], [ [ [ 121.112865142000032, 12.159282842000039 ], [ 121.080470132000073, 12.206671990000075 ], [ 121.039191813000116, 12.223300557000073 ], [ 121.042902082000069, 12.289966467000056 ], [ 121.074215446000039, 12.297520782000049 ], [ 121.133436814000106, 12.170207184000049 ], [ 121.112865142000032, 12.159282842000039 ] ] ], [ [ [ 120.258215798000037, 11.891659313000048 ], [ 120.230831097000078, 11.879588657000056 ], [ 120.194757185000071, 11.933499636000022 ], [ 120.242359496000063, 11.974661295000033 ], [ 120.27649378600006, 11.935001208000074 ], [ 120.258215798000037, 11.891659313000048 ] ] ], [ [ [ 119.94479461100002, 11.658597482000062 ], [ 119.928570513000068, 11.76029132900004 ], [ 119.89491204400008, 11.861051845000077 ], [ 119.869477018000111, 11.896553526000048 ], [ 119.872158401000092, 11.969493285000055 ], [ 119.900439572000096, 11.979113743000028 ], [ 119.941504089000091, 11.949741544000062 ], [ 119.955403886000113, 11.913403877000064 ], [ 119.998793244000012, 11.934264075000044 ], [ 120.020294682000099, 11.88270901900006 ], [ 120.062053587000037, 11.869953615000043 ], [ 120.035150292000026, 11.832450148000021 ], [ 120.055569122000065, 11.804750913000021 ], [ 120.054743668000015, 11.740611412000021 ], [ 120.002359943000101, 11.677373091000049 ], [ 119.94479461100002, 11.658597482000062 ] ] ], [ [ [ 119.72838403600008, 11.445057691000045 ], [ 119.844137664000073, 11.476135237000051 ], [ 119.868573250000054, 11.453241817000048 ], [ 119.819564989000014, 11.37648725400004 ], [ 119.801198800000066, 11.416683689000024 ], [ 119.76082241600011, 11.404332838000073 ], [ 119.72838403600008, 11.445057691000045 ] ] ], [ [ [ 117.192261965000057, 8.33032776500005 ], [ 117.17738698900007, 8.368599954000047 ], [ 117.214708983000037, 8.430325159000063 ], [ 117.220937438000078, 8.525858490000076 ], [ 117.265184347000059, 8.581025226000065 ], [ 117.294306990000109, 8.654547770000022 ], [ 117.36878076500011, 8.746788163000076 ], [ 117.420908461000067, 8.756777133000071 ], [ 117.419242184000041, 8.785826771000075 ], [ 117.448836057000108, 8.810820986000067 ], [ 117.4909206640001, 8.888314330000071 ], [ 117.621467317000111, 8.999535212000069 ], [ 117.621440685000039, 9.030113454000059 ], [ 117.659342121, 9.066254059000073 ], [ 117.700293710000096, 9.079034635000028 ], [ 117.748823495000011, 9.070351965000043 ], [ 117.775730745000033, 9.164873870000065 ], [ 117.827013963000013, 9.189176278000048 ], [ 117.905964886000106, 9.261184596000021 ], [ 118.01286308400006, 9.241723991000072 ], [ 118.046805166000013, 9.295055982000065 ], [ 118.126528139000015, 9.34249545800003 ], [ 118.116440321000027, 9.375141436000035 ], [ 118.186132112000109, 9.411007157000029 ], [ 118.199347137000018, 9.473107908000031 ], [ 118.271362652000107, 9.521310654000047 ], [ 118.328354236000109, 9.580321588000061 ], [ 118.355194679000078, 9.656344344000047 ], [ 118.407070575000034, 9.663829399000065 ], [ 118.409149539000055, 9.686928297000065 ], [ 118.448671505000107, 9.727814756000043 ], [ 118.47543260100008, 9.732640199000059 ], [ 118.521773621000079, 9.777284723000037 ], [ 118.614174412000011, 9.888184416000058 ], [ 118.645986316000062, 9.937721488000022 ], [ 118.673115578000079, 10.012061458000062 ], [ 118.77158316200007, 10.102397881000059 ], [ 118.774519034000036, 10.024450365000064 ], [ 118.806475759000023, 10.051868188000071 ], [ 118.830057172000011, 10.102728695000053 ], [ 118.813439523000056, 10.13272293600005 ], [ 118.806083808000039, 10.192632269000057 ], [ 118.862192675000074, 10.20945567900003 ], [ 118.897185709000041, 10.196290431000023 ], [ 118.936487595000017, 10.205777753000064 ], [ 118.958893963000037, 10.283039841000061 ], [ 118.990943801000071, 10.301476283000056 ], [ 119.020171463000111, 10.350146848000065 ], [ 118.968293386000028, 10.363481188000037 ], [ 119.001458754000055, 10.40255034200004 ], [ 119.073148600000081, 10.397333967000066 ], [ 119.119126113000107, 10.445115229000066 ], [ 119.126321759, 10.383836061000068 ], [ 119.178809128000012, 10.415834208000035 ], [ 119.191048705000071, 10.452194615000053 ], [ 119.226724920000038, 10.486068938000074 ], [ 119.25540266400003, 10.483593241000051 ], [ 119.265959579000082, 10.538816828000051 ], [ 119.318260389000102, 10.590779605000023 ], [ 119.342667192000022, 10.735804763000033 ], [ 119.317891212000063, 10.769395168000074 ], [ 119.275050044000068, 10.764524035000022 ], [ 119.26065234500004, 10.818950212000061 ], [ 119.236090454000077, 10.854274729000053 ], [ 119.241477111000108, 10.907641076000061 ], [ 119.284554839000066, 10.912795158000051 ], [ 119.270052246000091, 10.865317110000035 ], [ 119.3240625950001, 10.817192555000076 ], [ 119.385541846000024, 10.794142048000026 ], [ 119.418248388000052, 10.758262872000046 ], [ 119.428947276000031, 10.721912523000071 ], [ 119.460494345000029, 10.722948317000032 ], [ 119.438388707000058, 10.823152996000033 ], [ 119.4166137630001, 10.857845788000077 ], [ 119.374458404000052, 10.86172147800005 ], [ 119.308546904000082, 10.963665377000041 ], [ 119.33851186600009, 10.995386488000065 ], [ 119.326549655, 11.094051558000046 ], [ 119.375447669000096, 11.042335051000066 ], [ 119.414487371000064, 11.040688673000034 ], [ 119.423692628000026, 11.145646286000044 ], [ 119.391613622000023, 11.182100640000044 ], [ 119.417368135000061, 11.213048380000032 ], [ 119.416187243000081, 11.305844307000029 ], [ 119.436720993000108, 11.343454817000065 ], [ 119.50855862800006, 11.400642144000074 ], [ 119.508932, 11.336583448000056 ], [ 119.567927556000086, 11.291647956000077 ], [ 119.538289220000024, 11.174726067000051 ], [ 119.500518731000057, 11.13418835300007 ], [ 119.512249988, 11.098080246000052 ], [ 119.55112284300003, 11.062017360000027 ], [ 119.568297968000024, 11.000847316000034 ], [ 119.520620318000056, 11.016036023000026 ], [ 119.492663045000086, 10.990507415000025 ], [ 119.49894671800007, 10.925129391000041 ], [ 119.48409554400007, 10.873523718000058 ], [ 119.509123412, 10.861163488000045 ], [ 119.533097167000051, 10.814521736000074 ], [ 119.574788868000041, 10.838432822000073 ], [ 119.599055373000056, 10.813615302000073 ], [ 119.582851770000048, 10.773384720000024 ], [ 119.600856346000114, 10.725105513000074 ], [ 119.575238396000032, 10.678806721000058 ], [ 119.645536046000075, 10.676468764000049 ], [ 119.636604248000026, 10.641307187000052 ], [ 119.670950016, 10.547104490000038 ], [ 119.717314907000059, 10.509287198000038 ], [ 119.67679518500006, 10.49260724800007 ], [ 119.652926984000032, 10.461074127000074 ], [ 119.588135237000074, 10.419817453000064 ], [ 119.570694133000075, 10.373167121000051 ], [ 119.521512620000067, 10.363264785000069 ], [ 119.463317280000069, 10.37585561800006 ], [ 119.427784397000096, 10.352194394000037 ], [ 119.365167603000032, 10.340381293000064 ], [ 119.300402338000026, 10.284735903000069 ], [ 119.249907796000116, 10.215711946000056 ], [ 119.228866172000039, 10.167379315000062 ], [ 119.21614630800002, 10.074231174000033 ], [ 119.197116894000033, 10.047823479000044 ], [ 118.983935880000104, 9.986295269000038 ], [ 118.853226249000045, 9.97185199300003 ], [ 118.822556688000077, 9.93810415300004 ], [ 118.757869110000115, 9.932005317000062 ], [ 118.741045548000102, 9.896524113000055 ], [ 118.741742604000024, 9.844382341000028 ], [ 118.771979331000011, 9.805950923000069 ], [ 118.772691131000101, 9.728759030000049 ], [ 118.733546660000115, 9.72971526200007 ], [ 118.735684839000101, 9.773436901000025 ], [ 118.691662560000054, 9.769642779000037 ], [ 118.699442056000066, 9.708872523000025 ], [ 118.760592949000056, 9.666600343000027 ], [ 118.660749448000047, 9.559793249000052 ], [ 118.637806392000016, 9.50473792400004 ], [ 118.586433700000043, 9.455351452000059 ], [ 118.537746962000028, 9.388674387000037 ], [ 118.516846879000013, 9.331388662000052 ], [ 118.460003617000098, 9.298530092000021 ], [ 118.398081830000024, 9.243201162000048 ], [ 118.34283907300005, 9.177744185000051 ], [ 118.295943072000114, 9.18265554200002 ], [ 118.220330389000083, 9.157519119000028 ], [ 118.122013526000046, 9.142825825000045 ], [ 118.105030781000096, 9.102799152000046 ], [ 118.102389629000072, 9.052021484000022 ], [ 118.003518018000022, 8.881273704000023 ], [ 117.9634648870001, 8.872436995000044 ], [ 117.873177216000045, 8.817480891000059 ], [ 117.839552789000095, 8.77087655400004 ], [ 117.806993594, 8.765912264000065 ], [ 117.779352096000025, 8.71418490800005 ], [ 117.741905268000096, 8.686958493000077 ], [ 117.701306804000069, 8.686733053000069 ], [ 117.624148655000113, 8.657228287000066 ], [ 117.570934233000116, 8.67583200100006 ], [ 117.535407878000115, 8.63999485100004 ], [ 117.547089478000089, 8.596792179000033 ], [ 117.501149332000068, 8.501052905000051 ], [ 117.462876709000057, 8.509293355000068 ], [ 117.366092744000071, 8.479821098000059 ], [ 117.261165213000027, 8.405648340000027 ], [ 117.240200612000081, 8.370675104000043 ], [ 117.192261965000057, 8.33032776500005 ] ] ], [ [ [ 119.564532149000115, 11.137952776000077 ], [ 119.556134546000067, 11.173240365000026 ], [ 119.592074510000089, 11.19330825000003 ], [ 119.625095888000033, 11.162078350000058 ], [ 119.564532149000115, 11.137952776000077 ] ] ], [ [ [ 119.633449578000068, 10.994886948000044 ], [ 119.561700170000108, 11.043115919000059 ], [ 119.580668145000118, 11.090742105000061 ], [ 119.621000821000052, 11.088451242000076 ], [ 119.633449578000068, 10.994886948000044 ] ] ], [ [ [ 121.001174960000071, 10.838239860000044 ], [ 121.061771758000077, 10.883671389000028 ], [ 121.065456847000064, 10.808134601000063 ], [ 121.012660377000088, 10.806054566000057 ], [ 121.001174960000071, 10.838239860000044 ] ] ], [ [ [ 119.804897263000043, 10.441252330000054 ], [ 119.76260460900005, 10.463948583000047 ], [ 119.781370663000075, 10.559018263000041 ], [ 119.834137390000024, 10.612596143000076 ], [ 119.841323963000036, 10.64100908000006 ], [ 119.905455344000075, 10.60081967800005 ], [ 119.983452972, 10.599544904000027 ], [ 119.970917046000068, 10.530932875000076 ], [ 119.909035792000054, 10.506595022000056 ], [ 119.913472599000102, 10.474797998000042 ], [ 119.804897263000043, 10.441252330000054 ] ] ], [ [ [ 117.178328612000087, 8.254628404000073 ], [ 117.222991488000048, 8.314568014000031 ], [ 117.261994713000036, 8.305578381000032 ], [ 117.228979001000084, 8.266499295000074 ], [ 117.178328612000087, 8.254628404000073 ] ] ], [ [ [ 117.288041736000082, 8.185057212000061 ], [ 117.262811509000016, 8.209508570000025 ], [ 117.27021292500001, 8.312495434000027 ], [ 117.311992285000088, 8.330310464000036 ], [ 117.352212602, 8.290773534000039 ], [ 117.3369111720001, 8.195634533000032 ], [ 117.288041736000082, 8.185057212000061 ] ] ], [ [ [ 117.02188882900009, 8.070779860000073 ], [ 116.990771349000056, 8.090394171000071 ], [ 117.024357754000107, 8.128743199000041 ], [ 117.061285222000038, 8.082673407000073 ], [ 117.02188882900009, 8.070779860000073 ] ] ], [ [ [ 117.01944573600008, 7.803709135000076 ], [ 116.942246585000021, 7.929612115000054 ], [ 116.965613679000057, 7.948248781000075 ], [ 116.952223109000101, 8.001007160000029 ], [ 116.995373370000038, 8.034028306000039 ], [ 116.998190246000036, 8.062562950000029 ], [ 117.071935458000098, 8.076373904000036 ], [ 117.08654084300008, 7.911597197000049 ], [ 117.060615541000061, 7.842148720000068 ], [ 117.01944573600008, 7.803709135000076 ] ] ] ] } },
{ "type": "Feature", "properties": { "ADM1_EN": "Bangsamoro Autonomous Region In Muslim Mindanao (BARMM)", "ADM1_PCODE": "PH19", "ADM0_EN": "Philippines (the)", "ADM0_PCODE": "PH", "DATE": "2022-11-09", "VALIDON": "2023-11-06", "VALIDTO": 0, "SHAPE_LENG": 55.206536359200001, "SHAPE_AREA": 1.1017570296100001, "ADM1ALT1EN": "BARMM", "AREA_SQKM": 13463.123715899999, "BIRTH_B": 36066, "BIRTH_M": 18873, "BIRTH_G": 17193, "DEATH_B": 6577, "DEATH_M": 3700, "DEATH_G": 2877, "MARRIAGES": 2162, "POPULATION": 4404288 }, "geometry": { "type": "MultiPolygon", "coordinates": [ [ [ [ 124.800955693000105, 7.52153041400004 ], [ 124.740292192000084, 7.591068371000063 ], [ 124.590365844000075, 7.609324928000035 ], [ 124.528049197000087, 7.638289207000071 ], [ 124.490922229000034, 7.505225852000024 ], [ 124.485289102000024, 7.438605069000062 ], [ 124.452005120000081, 7.423535557000037 ], [ 124.447598526000093, 7.365182608000055 ], [ 124.396020075000024, 7.355388001000051 ], [ 124.366263437000043, 7.235560970000051 ], [ 124.467567777000113, 7.228463736000037 ], [ 124.482092568000098, 7.150595595000027 ], [ 124.519521331000078, 7.137542698000061 ], [ 124.537743778000049, 7.088158932000056 ], [ 124.519451933000028, 7.044227015000047 ], [ 124.61031446700008, 7.078884297000059 ], [ 124.637839720000102, 7.034306416000049 ], [ 124.664567389000013, 7.062823792000074 ], [ 124.675816311000062, 7.134801803000073 ], [ 124.667561011000089, 7.235391182000058 ], [ 124.717927219000103, 7.253321087000074 ], [ 124.726378434000026, 7.222770511000022 ], [ 124.784454465000067, 7.202298681000059 ], [ 124.797466431000089, 7.133542762000047 ], [ 124.771988632000102, 7.075949368000067 ], [ 124.825211978000084, 7.062747508000029 ], [ 124.823832639000102, 6.949087778000035 ], [ 124.803472154000019, 6.948885853000036 ], [ 124.80548632600005, 6.841646872000069 ], [ 124.822496126000033, 6.794133661000046 ], [ 124.88884483400011, 6.796141742000032 ], [ 124.952685495000082, 6.78459732500005 ], [ 124.946232891000022, 6.757353504000037 ], [ 124.969185031000052, 6.709965978000071 ], [ 124.886808143000053, 6.677562946000023 ], [ 124.863022037000064, 6.608629873000041 ], [ 124.778923101000032, 6.623288442000046 ], [ 124.787095706000059, 6.67697144300007 ], [ 124.77008903, 6.727039460000071 ], [ 124.743255131000069, 6.747772360000056 ], [ 124.717085278000013, 6.810847400000057 ], [ 124.690651903000116, 6.804071660000034 ], [ 124.666805788000033, 6.86907534900007 ], [ 124.633727085000032, 6.887706705000028 ], [ 124.580289271000083, 6.850143099000036 ], [ 124.578335602000038, 6.783005277000029 ], [ 124.509314526000026, 6.772891965000042 ], [ 124.516145742000049, 6.727932620000047 ], [ 124.413558692000038, 6.727836713000045 ], [ 124.278953996000041, 6.69617573000005 ], [ 124.276265514000102, 6.736064673000044 ], [ 124.247724337000022, 6.756629778000047 ], [ 124.210141781000061, 6.743249806000051 ], [ 124.096900356000106, 6.747260983000047 ], [ 124.033163008000088, 6.741122303000054 ], [ 124.027414066, 6.782265267000071 ], [ 123.975703680000038, 6.793831946000068 ], [ 123.953014741000061, 6.819498804000034 ], [ 123.972620143000086, 6.862136935000024 ], [ 123.956808523000063, 6.910163674000046 ], [ 123.992723569000077, 7.021412233000035 ], [ 124.067426961000024, 7.145391349000022 ], [ 124.114942676000055, 7.15093627400006 ], [ 124.157684507000113, 7.175086849000024 ], [ 124.171271006000097, 7.215521889000058 ], [ 124.207298373000071, 7.25052183300005 ], [ 124.215075832000025, 7.342712554000059 ], [ 124.256495112000039, 7.347947489000035 ], [ 124.2494883600001, 7.406428100000028 ], [ 124.223721775000058, 7.405602268000052 ], [ 124.145095796000078, 7.437125034000076 ], [ 124.11842905200001, 7.509965929000032 ], [ 124.011955654000076, 7.647784533000049 ], [ 123.978479854000057, 7.646166093000033 ], [ 123.916349121000053, 7.692565918000071 ], [ 123.851180652000039, 7.698731517000056 ], [ 123.870272911000029, 7.738132882000059 ], [ 123.959323360000099, 7.724984796000058 ], [ 124.001624759000038, 7.742659211000046 ], [ 123.995513059000018, 7.78532208200005 ], [ 124.023908195000104, 7.828601493000065 ], [ 123.973689233000073, 7.874036868000076 ], [ 124.03081920000011, 7.952898652000044 ], [ 124.101634860000104, 7.96445142400006 ], [ 124.111350558000026, 8.021062870000037 ], [ 124.157622770000103, 8.033463527000038 ], [ 124.194124361000036, 8.021356720000028 ], [ 124.212340118000043, 8.067705201000024 ], [ 124.288426392000019, 8.056473836000066 ], [ 124.331817691000083, 8.073890680000034 ], [ 124.337708482000039, 8.102475303000062 ], [ 124.373477894000075, 8.127259307000031 ], [ 124.37657102300011, 8.158134573000041 ], [ 124.43501488000004, 8.128414759000066 ], [ 124.480268817000024, 8.162042287000077 ], [ 124.52560673000005, 8.108390977000056 ], [ 124.547479004000024, 8.064921644000037 ], [ 124.562530662000086, 7.98184142100007 ], [ 124.618787169000029, 7.887981693000029 ], [ 124.631776698000067, 7.846372404000022 ], [ 124.663839028000098, 7.834204876000058 ], [ 124.711470500000019, 7.75422853300006 ], [ 124.76354225800003, 7.647100545000058 ], [ 124.805122581000091, 7.62262835100006 ], [ 124.826289019000114, 7.541656422000074 ], [ 124.800955693000105, 7.52153041400004 ] ], [ [ 124.56662752200009, 7.051214263000077 ], [ 124.576023878000115, 6.993941117000077 ], [ 124.609476188000031, 6.994183876000022 ], [ 124.613748564000048, 7.036584363000031 ], [ 124.56662752200009, 7.051214263000077 ] ] ], [ [ [ 124.884412614000098, 7.311216527000056 ], [ 124.910479715000065, 7.303419765000058 ], [ 124.909569446000091, 7.215872876000049 ], [ 124.860616364000066, 7.240718134000076 ], [ 124.848628157, 7.147523283000055 ], [ 124.813009140000077, 7.150770839000074 ], [ 124.819727914000055, 7.218369812000049 ], [ 124.772754830000054, 7.228227808000042 ], [ 124.763644976000023, 7.270072764000076 ], [ 124.795946944000093, 7.280700886000034 ], [ 124.840271798000117, 7.270744900000068 ], [ 124.884412614000098, 7.311216527000056 ] ] ], [ [ [ 118.535048436000011, 6.963885141000048 ], [ 118.42820392100009, 6.990870747000031 ], [ 118.414917671000012, 7.017387832000054 ], [ 118.499458232000052, 7.048461296000028 ], [ 118.524316167000052, 7.039547209000034 ], [ 118.51516330000004, 6.988365846000022 ], [ 118.535048436000011, 6.963885141000048 ] ] ], [ [ [ 121.917177870000046, 6.674741475000076 ], [ 121.917299577000108, 6.637460508000061 ], [ 121.943637691000049, 6.607719422000059 ], [ 121.93555574200002, 6.570645760000048 ], [ 122.042892914000049, 6.564819979000049 ], [ 122.030025648000105, 6.617820360000053 ], [ 122.051534500000116, 6.667949200000066 ], [ 122.030621839000105, 6.701449177000029 ], [ 122.032589305000101, 6.741121540000051 ], [ 122.074837845000047, 6.748915990000057 ], [ 122.094391730000098, 6.714745652000033 ], [ 122.132633962000114, 6.719219906000035 ], [ 122.139743628000019, 6.676898204000054 ], [ 122.173814044000096, 6.66313926600003 ], [ 122.235474232000115, 6.665153211000074 ], [ 122.293315359000076, 6.647431299000061 ], [ 122.326911995000046, 6.616795145000026 ], [ 122.301470966000011, 6.590380801000038 ], [ 122.248246201000029, 6.59610361700004 ], [ 122.21212456100011, 6.580898362000028 ], [ 122.196194550000087, 6.468195124000033 ], [ 122.06096095800001, 6.41751991600006 ], [ 121.955430573000058, 6.407615672000077 ], [ 121.864753717000099, 6.520263796000052 ], [ 121.867500471000085, 6.574842004000061 ], [ 121.797966541000051, 6.598116452000056 ], [ 121.794991729000117, 6.630069024000022 ], [ 121.845685923000019, 6.68252478900007 ], [ 121.884594539000091, 6.656578388000071 ], [ 121.917177870000046, 6.674741475000076 ] ] ], [ [ [ 121.618871556000045, 6.558916965000037 ], [ 121.618963661000066, 6.599535459000037 ], [ 121.584709146000023, 6.663662692000059 ], [ 121.632044440000072, 6.652973098000075 ], [ 121.619600406000018, 6.621819389000052 ], [ 121.618871556000045, 6.558916965000037 ] ] ], [ [ [ 120.534450946000106, 6.238920604000043 ], [ 120.507925543000056, 6.260978386000033 ], [ 120.534843445000092, 6.298635187000059 ], [ 120.556699413000047, 6.374330690000022 ], [ 120.588794129, 6.344859653000071 ], [ 120.577752491000069, 6.250871606000032 ], [ 120.534450946000106, 6.238920604000043 ] ] ], [ [ [ 121.284289085000069, 5.859447009000064 ], [ 121.241360857000018, 5.888545644000033 ], [ 121.232002985, 5.940721566000036 ], [ 121.186481699000069, 5.945598726000071 ], [ 121.134297875000016, 5.912225819000071 ], [ 121.058975608000083, 5.887424902000021 ], [ 121.036125207000055, 5.922747318000063 ], [ 121.005474064000055, 5.922339821000037 ], [ 120.941622874000018, 5.890673684000035 ], [ 120.880044362000035, 5.920293024000046 ], [ 120.873306686000092, 5.954409310000074 ], [ 120.917971415000011, 6.024838789000057 ], [ 120.983499901000073, 6.044677389000071 ], [ 121.027108715000054, 6.090094683000075 ], [ 121.121560087000034, 6.09042254700006 ], [ 121.153979729000071, 6.077723048000053 ], [ 121.204982862000065, 5.996685564000074 ], [ 121.279598528000065, 6.018948006000073 ], [ 121.326912059000051, 6.00172875100003 ], [ 121.394207688000051, 6.010007735000045 ], [ 121.424840955000036, 5.958081092000043 ], [ 121.353201471000034, 5.917996381000023 ], [ 121.284289085000069, 5.859447009000064 ] ] ], [ [ [ 121.132270499000015, 5.807793567000033 ], [ 121.14590074900002, 5.849640752000028 ], [ 121.193695514000069, 5.835933462000071 ], [ 121.192703714000118, 5.789619451000021 ], [ 121.150882588000059, 5.779838652000024 ], [ 121.132270499000015, 5.807793567000033 ] ] ], [ [ [ 120.880284300000085, 5.710216976000027 ], [ 120.911429561000091, 5.759528117000059 ], [ 120.934816072000103, 5.718136884000046 ], [ 120.880284300000085, 5.710216976000027 ] ] ], [ [ [ 120.794853756000066, 5.669885132000047 ], [ 120.83659246600007, 5.710143162000065 ], [ 120.889026009000077, 5.693502243000069 ], [ 120.862624542000049, 5.666274346000023 ], [ 120.794853756000066, 5.669885132000047 ] ] ], [ [ [ 120.821731416000034, 5.56980427000002 ], [ 120.867431245000034, 5.585524930000076 ], [ 120.907941615000027, 5.537873350000041 ], [ 120.856914802, 5.487558487000058 ], [ 120.817087138000034, 5.526016244000061 ], [ 120.821731416000034, 5.56980427000002 ] ] ], [ [ [ 120.7715724950001, 5.49554095700006 ], [ 120.74450330500008, 5.517647001000057 ], [ 120.764730087000089, 5.559690315000068 ], [ 120.80548038400002, 5.53050832100007 ], [ 120.7715724950001, 5.49554095700006 ] ] ], [ [ [ 119.811883661000024, 5.122985683000024 ], [ 119.839160028000038, 5.153326004000064 ], [ 119.890002601000106, 5.158441599000071 ], [ 119.940241540000102, 5.187787001000061 ], [ 119.978884211000036, 5.236282030000041 ], [ 120.016155332000039, 5.23114223500005 ], [ 120.175929994000057, 5.344557723000037 ], [ 120.209384798000087, 5.348966045000054 ], [ 120.21466491800004, 5.302188240000021 ], [ 120.254976499, 5.256597223000028 ], [ 120.239598578000027, 5.182833036000034 ], [ 120.218142672000113, 5.147559659000024 ], [ 120.18309862600006, 5.176229457000034 ], [ 120.129707498000016, 5.196132133000049 ], [ 120.09458689500002, 5.150477088000059 ], [ 120.034761981000088, 5.179053212000042 ], [ 119.961106869000105, 5.077245982000022 ], [ 119.920451584000034, 5.084581087000061 ], [ 119.838866257000063, 5.047331857000074 ], [ 119.820290429000011, 5.05622087200004 ], [ 119.811883661000024, 5.122985683000024 ] ] ], [ [ [ 120.267604834000053, 5.173054326000056 ], [ 120.250205077000032, 5.180161733000034 ], [ 120.270886603, 5.256209807000062 ], [ 120.318492720000108, 5.204917514000044 ], [ 120.267604834000053, 5.173054326000056 ] ] ], [ [ [ 119.749927618000015, 5.034332815000027 ], [ 119.744922072, 5.058546044000025 ], [ 119.774485149000043, 5.104445547000068 ], [ 119.806611769000028, 5.116848929000071 ], [ 119.817776112000047, 5.06097402100005 ], [ 119.749927618000015, 5.034332815000027 ] ] ], [ [ [ 119.78945262700006, 4.913931278000064 ], [ 119.820994649000113, 4.924024634000034 ], [ 119.853509972000097, 4.865624877000073 ], [ 119.804373432000034, 4.854696837000063 ], [ 119.78945262700006, 4.913931278000064 ] ] ], [ [ [ 119.455695424000055, 4.651220240000043 ], [ 119.466081692000103, 4.790027383000051 ], [ 119.446580370000106, 4.880109424000068 ], [ 119.468330086000037, 4.898371697000073 ], [ 119.496411954000109, 4.828688458000045 ], [ 119.505492591, 4.744374354000058 ], [ 119.47666584500007, 4.663082773000042 ], [ 119.455695424000055, 4.651220240000043 ] ] ] ] } }
]
}
